,Temperature,Humidity,Sound_speed_20,0.05,0.7571428571428572,1.4642857142857144,2.1714285714285713,2.8785714285714286,3.585714285714286,4.292857142857143,5.0
0,0.0,0.0,333.7268434435162,37.693204129189006,42.63629909197568,45.345868257568206,51.29253525353195,65.62768017420258,0.0,0.0,0.0
1,2.0,0.0,337.2126810319778,35.99103948723757,40.71091220978629,101.01703235912464,114.26442788693988,129.24908973679953,143.96415794895032,175.8808688454775,351.761737690955
2,4.0,0.0,341.28372208206287,37.11705419138145,41.342847853623134,43.97021721136937,48.976246630114034,90.69173651513641,96.45526520005703,104.17744854676172,110.79800446610825
3,6.0,0.0,324.44124008651767,37.11705419138145,38.872472711048495,39.47587115477783,40.71091220978629,41.342847853623134,41.98459272639334,41.98459272639334,42.63629909197568
4,8.0,0.0,343.0678511972368,37.11705419138145,41.98459272639334,44.65274545784855,87.94043442273875,93.52911577162043,101.01703235912464,109.1044295934718,116.03809889760873
5,10.0,0.0,338.81376767055934,37.11705419138145,40.71091220978629,43.29812157776688,45.345868257568206,48.976246630114034,53.718370715593814,59.83423188672673,0.0
6,12.0,0.0,349.59491383000653,36.54971084772008,44.65274545784855,46.04975006461351,48.227632600028514,51.29253525353195,87.94043442273875,90.69173651513641,94.98092264069919
7,14.0,0.0,346.659958809565,37.11705419138145,41.342847853623134,43.29812157776688,46.76455788581021,94.98092264069919,101.01703235912464,107.43674143118763,114.26442788693988
8,16.0,0.0,337.6567692142781,37.11705419138145,38.872472711048495,40.08863585839502,41.342847853623134,41.98459272639334,43.29812157776688,43.97021721136937,44.65274545784855
9,18.0,0.0,338.9543910350022,37.11705419138145,38.872472711048495,40.08863585839502,41.342847853623134,42.63629909197568,43.29812157776688,43.97021721136937,44.65274545784855
10,20.0,0.0,352.7943552903153,37.693204129189006,41.98459272639334,45.345868257568206,76.55659472322108,81.42182441957257,85.27259818395133,89.3054909156971,94.98092264069919
11,22.0,0.0,341.81806907670375,37.11705419138145,38.872472711048495,40.08863585839502,40.71091220978629,41.98459272639334,42.63629909197568,43.29812157776688,43.97021721136937
12,24.0,0.0,355.34064406144415,37.11705419138145,40.71091220978629,57.13221394346994,67.68090603063297,74.23410838276291,80.17727171679005,86.59624315553374,92.09950012922702
13,26.0,0.0,343.58103370366337,37.11705419138145,38.872472711048495,40.08863585839502,41.342847853623134,41.98459272639334,42.63629909197568,43.29812157776688,43.97021721136937
14,28.0,0.0,374.58207354559744,35.99103948723757,37.693204129189006,38.27829736161054,39.47587115477783,40.71091220978629,41.98459272639334,43.29812157776688,43.97021721136937
15,30.0,0.0,345.9474724654053,37.11705419138145,38.872472711048495,39.47587115477783,40.71091220978629,41.342847853623134,41.98459272639334,42.63629909197568,43.29812157776688
16,32.0,0.0,361.5316152667887,35.99103948723757,39.47587115477783,42.63629909197568,54.5522147967359,66.6463866603332,73.09942169544017,77.744945422097,82.68569570724627
17,34.0,0.0,348.33572929337606,38.872472711048495,42.63629909197568,43.97021721136937,45.345868257568206,46.76455788581021,47.490461320349596,58.91965086935957,58.91965086935957
18,36.0,0.0,349.78901614898956,37.11705419138145,38.872472711048495,40.08863585839502,41.342847853623134,42.63629909197568,43.29812157776688,43.97021721136937,44.65274545784855
19,38.0,0.0,360.0,37.11705419138145,41.342847853623134,43.29812157776688,45.345868257568206,51.29253525353195,109.1044295934718,117.83930173871916,127.2734854671727
20,40.0,0.0,351.809304997128,37.11705419138145,38.872472711048495,40.08863585839502,41.342847853623134,42.63629909197568,43.29812157776688,43.97021721136937,44.65274545784855
21,0.0,5.0,331.9733216904293,37.11705419138145,38.872472711048495,39.47587115477783,40.71091220978629,41.342847853623134,41.342847853623134,41.98459272639334,42.63629909197568
22,2.0,5.0,336.2100512320078,37.11705419138145,40.71091220978629,43.29812157776688,45.345868257568206,49.73648103084244,150.77281651675608,0.0,0.0
23,4.0,5.0,354.6181941502783,35.99103948723757,36.54971084772008,37.11705419138145,37.693204129189006,38.27829736161054,38.872472711048495,39.47587115477783,40.08863585839502
24,6.0,5.0,330.5995771923775,37.11705419138145,40.08863585839502,42.63629909197568,44.65274545784855,46.76455788581021,49.73648103084244,51.29253525353195,52.89727214724615
25,8.0,5.0,342.3647232357737,37.11705419138145,41.342847853623134,43.97021721136937,48.227632600028514,105.7945442944923,112.51786787588213,123.41240814824702,135.36181206126594
26,10.0,5.0,369.69351485480513,35.99103948723757,38.27829736161054,39.47587115477783,40.71091220978629,41.342847853623134,42.63629909197568,43.29812157776688,43.97021721136937
27,12.0,5.0,334.8722777389667,37.11705419138145,38.872472711048495,40.08863585839502,41.342847853623134,41.98459272639334,43.29812157776688,43.97021721136937,44.65274545784855
28,14.0,5.0,342.2478153569155,37.11705419138145,41.342847853623134,43.97021721136937,46.76455788581021,52.89727214724615,0.0,0.0,0.0
29,16.0,5.0,350.0666793674986,37.11705419138145,41.98459272639334,45.345868257568206,76.55659472322108,81.42182441957257,86.59624315553374,92.09950012922702,97.95249326022807
30,18.0,5.0,339.1838053192635,37.11705419138145,38.872472711048495,40.08863585839502,41.98459272639334,42.63629909197568,43.97021721136937,44.65274545784855,45.345868257568206
31,20.0,5.0,363.5749921969276,35.99103948723757,36.54971084772008,37.693204129189006,38.27829736161054,38.872472711048495,40.08863585839502,40.71091220978629,41.342847853623134
32,22.0,5.0,341.1886672752875,37.11705419138145,38.872472711048495,40.08863585839502,41.342847853623134,41.98459272639334,43.29812157776688,43.97021721136937,44.65274545784855
33,24.0,5.0,338.30433581883466,37.11705419138145,39.47587115477783,40.71091220978629,41.98459272639334,42.63629909197568,43.29812157776688,43.97021721136937,44.65274545784855
34,26.0,5.0,343.75779496133697,37.11705419138145,38.872472711048495,40.08863585839502,41.342847853623134,42.63629909197568,43.29812157776688,43.97021721136937,44.65274545784855
35,28.0,5.0,347.3972775397025,37.11705419138145,39.47587115477783,41.342847853623134,43.29812157776688,44.65274545784855,46.76455788581021,51.29253525353195,55.39900223305413
36,30.0,5.0,349.8001142204455,37.11705419138145,38.872472711048495,39.47587115477783,40.71091220978629,41.342847853623134,41.98459272639334,42.63629909197568,43.29812157776688
37,32.0,5.0,379.0688721791875,35.99103948723757,37.11705419138145,37.693204129189006,38.27829736161054,39.47587115477783,40.08863585839502,40.71091220978629,41.98459272639334
38,34.0,5.0,348.45132743362836,37.11705419138145,38.872472711048495,40.08863585839502,41.342847853623134,41.98459272639334,42.63629909197568,43.29812157776688,43.97021721136937
39,36.0,5.0,367.2780267989128,36.54971084772008,40.08863585839502,53.718370715593814,58.01904944880436,62.66403939845544,66.6463866603332,68.73148374079413,73.09942169544017
40,38.0,5.0,356.3578770444115,37.693204129189006,52.89727214724615,139.59673811319595,157.9034846191113,0.0,0.0,0.0,0.0
41,40.0,5.0,352.6025425761573,37.11705419138145,38.872472711048495,39.47587115477783,40.71091220978629,41.342847853623134,41.98459272639334,42.63629909197568,43.29812157776688
42,0.0,10.0,344.0474332969262,37.693204129189006,49.73648103084244,53.718370715593814,57.13221394346994,60.76300949937213,64.62454486839977,67.68090603063297,70.88181511305702
43,2.0,10.0,357.4262607329257,35.99103948723757,37.11705419138145,37.693204129189006,38.872472711048495,40.08863585839502,40.71091220978629,41.98459272639334,42.63629909197568
44,4.0,10.0,342.03546000279215,37.11705419138145,51.29253525353195,75.38640825837804,80.17727171679005,85.27259818395133,90.69173651513641,96.45526520005703,102.5850705070639
45,6.0,10.0,344.5420169380294,37.11705419138145,40.71091220978629,66.6463866603332,74.23410838276291,80.17727171679005,86.59624315553374,92.09950012922702,99.47296206168487
46,8.0,10.0,325.28360895156885,35.99103948723757,38.27829736161054,40.08863585839502,41.98459272639334,43.29812157776688,43.97021721136937,56.258933937941066,57.13221394346994
47,10.0,10.0,353.510334526189,35.99103948723757,37.11705419138145,38.27829736161054,39.47587115477783,40.71091220978629,41.98459272639334,43.29812157776688,44.65274545784855
48,12.0,10.0,346.11581144929136,36.54971084772008,40.08863585839502,41.98459272639334,43.29812157776688,45.345868257568206,46.04975006461351,48.227632600028514,49.73648103084244
49,14.0,10.0,338.51727896587187,37.11705419138145,38.872472711048495,40.08863585839502,40.71091220978629,41.98459272639334,42.63629909197568,43.29812157776688,43.97021721136937
50,16.0,10.0,361.9035381780106,35.99103948723757,36.54971084772008,37.11705419138145,38.27829736161054,38.872472711048495,39.47587115477783,40.71091220978629,41.342847853623134
51,18.0,10.0,340.55631921170084,37.11705419138145,39.47587115477783,41.98459272639334,43.97021721136937,46.04975006461351,48.227632600028514,51.29253525353195,52.89727214724615
52,20.0,10.0,361.28198611207995,35.99103948723757,36.54971084772008,37.693204129189006,38.872472711048495,39.47587115477783,40.71091220978629,41.342847853623134,42.63629909197568
53,22.0,10.0,342.6626676405227,37.11705419138145,38.872472711048495,40.08863585839502,40.71091220978629,41.98459272639334,42.63629909197568,43.29812157776688,43.97021721136937
54,24.0,10.0,352.43346919204026,37.11705419138145,41.342847853623134,43.29812157776688,45.345868257568206,99.47296206168487,105.7945442944923,112.51786787588213,123.41240814824702
55,26.0,10.0,343.6238682229738,37.11705419138145,38.872472711048495,40.08863585839502,41.342847853623134,41.98459272639334,42.63629909197568,43.97021721136937,44.65274545784855
56,28.0,10.0,353.8076441705979,37.11705419138145,39.47587115477783,41.98459272639334,43.97021721136937,46.04975006461351,121.52601899874426,133.2927733206664,146.1988433908803
57,30.0,10.0,361.4753171411037,35.99103948723757,38.872472711048495,52.08872427338086,55.39900223305413,59.83423188672673,87.94043442273875,92.09950012922702,94.98092264069919
58,32.0,10.0,345.45967287084034,37.693204129189006,51.29253525353195,55.39900223305413,73.09942169544017,74.23410838276291,75.38640825837804,75.38640825837804,76.55659472322108
59,34.0,10.0,374.0666930194961,35.99103948723757,36.54971084772008,37.11705419138145,37.693204129189006,38.27829736161054,38.872472711048495,40.08863585839502,40.71091220978629
60,36.0,10.0,342.8384849804092,37.11705419138145,38.872472711048495,39.47587115477783,40.08863585839502,40.71091220978629,41.342847853623134,41.98459272639334,42.63629909197568
61,38.0,10.0,352.2701856407963,37.11705419138145,38.872472711048495,40.08863585839502,41.342847853623134,42.63629909197568,43.29812157776688,43.97021721136937,44.65274545784855
62,40.0,10.0,364.99370985896843,37.11705419138145,38.27829736161054,39.47587115477783,40.08863585839502,40.71091220978629,41.342847853623134,41.342847853623134,41.98459272639334
63,0.0,15.0,343.4953966943437,37.11705419138145,39.47587115477783,41.342847853623134,42.63629909197568,43.97021721136937,46.04975006461351,49.73648103084244,83.96918545278668
64,2.0,15.0,380.92982952504,35.99103948723757,35.99103948723757,35.99103948723757,35.99103948723757,35.99103948723757,36.54971084772008,36.54971084772008,37.11705419138145
65,4.0,15.0,335.48877900342336,37.11705419138145,40.08863585839502,43.29812157776688,45.345868257568206,49.73648103084244,59.83423188672673,0.0,0.0
66,6.0,15.0,356.34635319628035,35.99103948723757,38.27829736161054,40.08863585839502,40.71091220978629,43.29812157776688,44.65274545784855,46.04975006461351,47.490461320349596
67,8.0,15.0,335.3918228279387,37.11705419138145,38.872472711048495,41.342847853623134,42.63629909197568,43.97021721136937,44.65274545784855,46.04975006461351,47.490461320349596
68,10.0,15.0,334.0149965916837,37.11705419138145,38.872472711048495,40.08863585839502,41.342847853623134,42.63629909197568,43.29812157776688,43.97021721136937,44.65274545784855
69,12.0,15.0,341.09894189716,37.11705419138145,40.08863585839502,42.63629909197568,45.345868257568206,48.227632600028514,56.258933937941066,0.0,0.0
70,14.0,15.0,354.86690067051694,35.99103948723757,37.693204129189006,38.872472711048495,40.71091220978629,43.29812157776688,73.09942169544017,75.38640825837804,77.744945422097
71,16.0,15.0,341.69094402776915,37.693204129189006,41.98459272639334,45.345868257568206,49.73648103084244,55.39900223305413,61.70620407412351,71.98207897447516,0.0
72,18.0,15.0,341.54804132653857,37.11705419138145,38.872472711048495,39.47587115477783,40.71091220978629,41.342847853623134,41.98459272639334,42.63629909197568,43.29812157776688
73,20.0,15.0,345.6763027528689,37.11705419138145,40.08863585839502,42.63629909197568,44.65274545784855,47.490461320349596,59.83423188672673,0.0,0.0
74,22.0,15.0,351.56250000000006,37.11705419138145,38.27829736161054,39.47587115477783,40.08863585839502,40.71091220978629,41.342847853623134,41.98459272639334,41.98459272639334
75,24.0,15.0,355.8690143800132,35.99103948723757,37.693204129189006,40.08863585839502,41.98459272639334,57.13221394346994,69.79836905659798,78.95174230955568,92.09950012922702
76,26.0,15.0,358.70573115778177,37.11705419138145,43.29812157776688,62.66403939845544,66.6463866603332,69.79836905659798,73.09942169544017,77.744945422097,81.42182441957257
77,28.0,15.0,345.4650853087251,37.11705419138145,38.872472711048495,40.08863585839502,41.342847853623134,41.98459272639334,42.63629909197568,43.29812157776688,44.65274545784855
78,30.0,15.0,359.2609489051096,37.11705419138145,41.342847853623134,56.258933937941066,64.62454486839977,70.88181511305702,77.744945422097,82.68569570724627,89.3054909156971
79,32.0,15.0,347.13476070528964,37.693204129189006,46.04975006461351,83.96918545278668,86.59624315553374,87.94043442273875,90.69173651513641,92.09950012922702,94.98092264069919
80,34.0,15.0,348.48436956727886,37.11705419138145,38.872472711048495,40.08863585839502,41.342847853623134,41.98459272639334,42.63629909197568,43.29812157776688,43.97021721136937
81,36.0,15.0,386.610156036195,35.99103948723757,36.54971084772008,37.693204129189006,38.27829736161054,38.872472711048495,40.08863585839502,40.71091220978629,41.342847853623134
82,38.0,15.0,357.1717826192598,37.11705419138145,39.47587115477783,41.342847853623134,41.98459272639334,43.29812157776688,43.97021721136937,45.345868257568206,46.04975006461351
83,40.0,15.0,356.00691024750944,37.693204129189006,41.342847853623134,44.65274545784855,52.89727214724615,0.0,0.0,0.0,0.0
84,0.0,20.0,331.6886789614609,37.11705419138145,38.872472711048495,40.08863585839502,41.342847853623134,41.98459272639334,42.63629909197568,43.29812157776688,43.97021721136937
85,2.0,20.0,345.80965512381323,35.99103948723757,37.693204129189006,40.08863585839502,41.98459272639334,44.65274545784855,57.13221394346994,64.62454486839977,68.73148374079413
86,4.0,20.0,344.3913410177116,37.693204129189006,43.29812157776688,66.6463866603332,69.79836905659798,74.23410838276291,77.744945422097,81.42182441957257,86.59624315553374
87,6.0,20.0,338.99086800110695,38.27829736161054,43.29812157776688,46.76455788581021,116.03809889760873,129.24908973679953,141.76363022611403,175.8808688454775,0.0
88,8.0,20.0,371.1814707069151,35.99103948723757,36.54971084772008,36.54971084772008,37.11705419138145,37.693204129189006,38.27829736161054,38.27829736161054,38.872472711048495
89,10.0,20.0,352.5910457006769,35.99103948723757,37.693204129189006,38.872472711048495,40.71091220978629,67.68090603063297,70.88181511305702,73.09942169544017,75.38640825837804
90,12.0,20.0,336.87266060652365,37.11705419138145,38.872472711048495,39.47587115477783,40.08863585839502,41.342847853623134,41.342847853623134,41.98459272639334,42.63629909197568
91,14.0,20.0,336.87266060652354,37.11705419138145,38.872472711048495,40.08863585839502,40.71091220978629,41.98459272639334,42.63629909197568,43.29812157776688,43.97021721136937
92,16.0,20.0,361.76396887783153,35.99103948723757,36.54971084772008,37.11705419138145,37.693204129189006,38.27829736161054,38.872472711048495,39.47587115477783,40.08863585839502
93,18.0,20.0,359.0569043052495,35.99103948723757,37.11705419138145,38.27829736161054,39.47587115477783,40.08863585839502,41.98459272639334,43.29812157776688,62.66403939845544
94,20.0,20.0,340.0101771753712,37.11705419138145,38.872472711048495,40.71091220978629,42.63629909197568,43.29812157776688,44.65274545784855,45.345868257568206,46.76455788581021
95,22.0,20.0,366.3952045192538,35.99103948723757,36.54971084772008,37.11705419138145,37.693204129189006,38.27829736161054,38.872472711048495,39.47587115477783,40.08863585839502
96,24.0,20.0,342.6200724085957,37.11705419138145,38.872472711048495,40.08863585839502,41.342847853623134,41.98459272639334,42.63629909197568,43.29812157776688,43.97021721136937
97,26.0,20.0,341.50502273379874,35.99103948723757,38.27829736161054,39.47587115477783,41.342847853623134,42.63629909197568,43.29812157776688,44.65274545784855,45.345868257568206
98,28.0,20.0,360.4524034201829,35.99103948723757,37.11705419138145,38.27829736161054,38.872472711048495,40.71091220978629,49.73648103084244,50.50851617956232,51.29253525353195
99,30.0,20.0,359.21997947314406,37.11705419138145,39.47587115477783,41.342847853623134,42.63629909197568,43.29812157776688,44.65274545784855,46.04975006461351,48.227632600028514
100,32.0,20.0,351.8542158677474,37.11705419138145,38.872472711048495,39.47587115477783,40.71091220978629,41.342847853623134,42.63629909197568,43.29812157776688,43.29812157776688
101,34.0,20.0,374.17292626119513,35.99103948723757,36.54971084772008,37.11705419138145,37.693204129189006,38.27829736161054,38.872472711048495,39.47587115477783,40.08863585839502
102,36.0,20.0,332.1937371087224,35.99103948723757,39.47587115477783,40.71091220978629,41.342847853623134,41.98459272639334,42.63629909197568,43.29812157776688,43.29812157776688
103,38.0,20.0,365.330383571409,36.54971084772008,47.490461320349596,48.976246630114034,51.29253525353195,52.89727214724615,55.39900223305413,59.83423188672673,102.5850705070639
104,40.0,20.0,376.17792933303485,35.99103948723757,36.54971084772008,37.11705419138145,38.27829736161054,38.872472711048495,39.47587115477783,40.08863585839502,40.71091220978629
105,0.0,25.0,345.5589901037587,35.99103948723757,38.27829736161054,40.08863585839502,41.342847853623134,43.29812157776688,46.76455788581021,52.08872427338086,56.258933937941066
106,2.0,25.0,348.75541807479345,35.99103948723757,38.872472711048495,41.98459272639334,47.490461320349596,53.718370715593814,57.13221394346994,60.76300949937213,63.63674273358635
107,4.0,25.0,337.9051413684775,37.11705419138145,43.97021721136937,92.09950012922702,107.43674143118763,123.41240814824702,141.76363022611403,335.8767418111467,0.0
108,6.0,25.0,348.67626928250576,35.99103948723757,38.27829736161054,40.71091220978629,43.97021721136937,54.5522147967359,60.76300949937213,66.6463866603332,69.79836905659798
109,8.0,25.0,337.53788690567313,38.27829736161054,42.63629909197568,46.76455788581021,53.718370715593814,62.66403939845544,0.0,0.0,0.0
110,10.0,25.0,335.2592367340733,37.11705419138145,38.872472711048495,40.08863585839502,40.71091220978629,41.98459272639334,42.63629909197568,43.29812157776688,43.97021721136937
111,12.0,25.0,333.51988262520223,37.11705419138145,38.872472711048495,39.47587115477783,40.71091220978629,41.342847853623134,41.342847853623134,41.98459272639334,42.63629909197568
112,14.0,25.0,347.3589691078939,37.11705419138145,41.342847853623134,43.29812157776688,46.04975006461351,92.09950012922702,97.95249326022807,105.7945442944923,112.51786787588213
113,16.0,25.0,337.99837515520335,37.11705419138145,38.872472711048495,40.08863585839502,41.342847853623134,42.63629909197568,43.29812157776688,43.97021721136937,44.65274545784855
114,18.0,25.0,352.79435529031537,37.11705419138145,41.98459272639334,46.04975006461351,70.88181511305702,75.38640825837804,78.95174230955568,82.68569570724627,87.94043442273875
115,20.0,25.0,346.26800043970536,37.11705419138145,38.872472711048495,40.08863585839502,41.342847853623134,42.63629909197568,43.29812157776688,43.97021721136937,44.65274545784855
116,22.0,25.0,356.89429130990726,38.27829736161054,43.97021721136937,63.63674273358635,66.6463866603332,69.79836905659798,73.09942169544017,75.38640825837804,78.95174230955568
117,24.0,25.0,343.07318894697534,37.11705419138145,38.872472711048495,40.08863585839502,41.342847853623134,42.63629909197568,43.29812157776688,43.97021721136937,44.65274545784855
118,26.0,25.0,354.8953018621944,36.54971084772008,45.345868257568206,51.29253525353195,93.52911577162043,97.95249326022807,104.17744854676172,109.1044295934718,116.03809889760873
119,28.0,25.0,345.47591069330207,37.11705419138145,38.872472711048495,40.08863585839502,41.342847853623134,41.98459272639334,42.63629909197568,43.29812157776688,43.97021721136937
120,30.0,25.0,362.71219897354916,37.11705419138145,52.08872427338086,54.5522147967359,57.13221394346994,61.70620407412351,64.62454486839977,67.68090603063297,71.98207897447516
121,32.0,25.0,359.3312039632357,37.693204129189006,42.63629909197568,45.345868257568206,46.76455788581021,48.976246630114034,51.29253525353195,53.718370715593814,56.258933937941066
122,34.0,25.0,367.47210302587905,35.99103948723757,37.693204129189006,39.47587115477783,40.71091220978629,43.29812157776688,47.490461320349596,57.13221394346994,62.66403939845544
123,36.0,25.0,350.25017869907083,37.11705419138145,38.872472711048495,40.08863585839502,41.342847853623134,42.63629909197568,43.29812157776688,44.65274545784855,45.345868257568206
124,38.0,25.0,350.84648676171076,37.11705419138145,38.872472711048495,40.08863585839502,41.342847853623134,41.98459272639334,43.29812157776688,43.97021721136937,44.65274545784855
125,40.0,25.0,355.2040208128616,38.27829736161054,45.345868257568206,54.5522147967359,61.70620407412351,68.73148374079413,76.55659472322108,0.0,0.0
126,0.0,30.0,318.7245237200428,37.11705419138145,38.872472711048495,40.08863585839502,40.71091220978629,41.342847853623134,41.98459272639334,42.63629909197568,42.63629909197568
127,2.0,30.0,334.19217944831763,37.11705419138145,40.08863585839502,43.29812157776688,45.345868257568206,48.976246630114034,59.83423188672673,0.0,0.0
128,4.0,30.0,342.31688763312326,37.693204129189006,41.98459272639334,45.345868257568206,80.17727171679005,85.27259818395133,89.3054909156971,94.98092264069919,101.01703235912464
129,6.0,30.0,323.44183181024744,37.11705419138145,38.872472711048495,39.47587115477783,40.71091220978629,41.342847853623134,41.98459272639334,41.98459272639334,42.63629909197568
130,8.0,30.0,341.23618805905477,37.11705419138145,38.872472711048495,39.47587115477783,40.08863585839502,40.71091220978629,41.342847853623134,41.98459272639334,42.63629909197568
131,10.0,30.0,334.2732399490632,37.11705419138145,38.872472711048495,40.08863585839502,41.342847853623134,42.63629909197568,43.29812157776688,43.97021721136937,44.65274545784855
132,12.0,30.0,335.7135244591282,37.11705419138145,38.872472711048495,40.08863585839502,41.342847853623134,41.98459272639334,43.29812157776688,43.97021721136937,44.65274545784855
133,14.0,30.0,351.4784410616084,38.27829736161054,49.73648103084244,54.5522147967359,58.01904944880436,62.66403939845544,67.68090603063297,71.98207897447516,75.38640825837804
134,16.0,30.0,347.0637306596572,37.11705419138145,40.08863585839502,41.98459272639334,43.29812157776688,43.97021721136937,45.345868257568206,46.04975006461351,47.490461320349596
135,18.0,30.0,332.24343423689476,37.11705419138145,38.872472711048495,39.47587115477783,40.71091220978629,41.342847853623134,41.342847853623134,41.98459272639334,42.63629909197568
136,20.0,30.0,362.89025814125995,35.99103948723757,36.54971084772008,37.11705419138145,37.11705419138145,37.693204129189006,38.27829736161054,38.872472711048495,39.47587115477783
137,22.0,30.0,360.565475025706,35.99103948723757,38.872472711048495,40.71091220978629,47.490461320349596,53.718370715593814,58.01904944880436,62.66403939845544,65.62768017420258
138,24.0,30.0,342.60942525520903,37.11705419138145,38.872472711048495,40.08863585839502,41.342847853623134,41.98459272639334,43.29812157776688,43.97021721136937,44.65274545784855
139,26.0,30.0,350.0889114695796,37.11705419138145,40.71091220978629,43.29812157776688,45.345868257568206,51.29253525353195,258.49817947359907,0.0,0.0
140,28.0,30.0,345.37850664912366,37.11705419138145,38.872472711048495,40.08863585839502,41.342847853623134,41.98459272639334,43.29812157776688,43.97021721136937,44.65274545784855
141,30.0,30.0,363.17960139834554,35.99103948723757,38.872472711048495,41.98459272639334,53.718370715593814,60.76300949937213,65.62768017420258,68.73148374079413,73.09942169544017
142,32.0,30.0,350.9805169998727,37.11705419138145,38.872472711048495,40.08863585839502,41.342847853623134,41.98459272639334,42.63629909197568,43.29812157776688,43.97021721136937
143,34.0,30.0,362.2712187428121,37.11705419138145,64.62454486839977,68.73148374079413,73.09942169544017,77.744945422097,81.42182441957257,86.59624315553374,90.69173651513641
144,36.0,30.0,349.8445135495334,37.11705419138145,38.872472711048495,40.08863585839502,41.342847853623134,41.98459272639334,42.63629909197568,43.97021721136937,44.65274545784855
145,38.0,30.0,369.4366534999955,35.99103948723757,37.693204129189006,38.872472711048495,40.71091220978629,42.63629909197568,66.6463866603332,69.79836905659798,73.09942169544017
146,40.0,30.0,352.6250979514162,37.11705419138145,38.872472711048495,40.08863585839502,41.342847853623134,41.98459272639334,42.63629909197568,43.29812157776688,43.97021721136937
147,0.0,35.0,354.381834883577,35.99103948723757,37.693204129189006,38.872472711048495,40.08863585839502,41.98459272639334,43.29812157776688,44.65274545784855,46.76455788581021
148,2.0,35.0,349.12441812596984,37.11705419138145,40.71091220978629,46.04975006461351,49.73648103084244,52.89727214724615,54.5522147967359,57.13221394346994,60.76300949937213
149,4.0,35.0,332.8502853002446,37.11705419138145,39.47587115477783,41.342847853623134,43.29812157776688,45.345868257568206,49.73648103084244,56.258933937941066,62.66403939845544
150,6.0,35.0,365.87846326477796,35.99103948723757,36.54971084772008,37.693204129189006,38.27829736161054,38.872472711048495,39.47587115477783,40.08863585839502,40.71091220978629
151,8.0,35.0,340.6615477312405,38.27829736161054,45.345868257568206,101.01703235912464,109.1044295934718,119.66846377345345,133.2927733206664,150.77281651675608,0.0
152,10.0,35.0,345.8715020705232,37.11705419138145,41.342847853623134,43.97021721136937,81.42182441957257,86.59624315553374,90.69173651513641,96.45526520005703,104.17744854676172
153,12.0,35.0,335.52451383182694,37.11705419138145,38.872472711048495,40.08863585839502,41.342847853623134,42.63629909197568,43.29812157776688,44.65274545784855,45.345868257568206
154,14.0,35.0,374.87043338303215,35.99103948723757,36.54971084772008,37.11705419138145,38.27829736161054,38.872472711048495,39.47587115477783,40.08863585839502,40.71091220978629
155,16.0,35.0,337.88960740445617,37.11705419138145,38.872472711048495,40.08863585839502,41.342847853623134,42.63629909197568,43.29812157776688,43.97021721136937,44.65274545784855
156,18.0,35.0,385.80141905818743,35.99103948723757,35.99103948723757,36.54971084772008,36.54971084772008,37.11705419138145,37.11705419138145,37.693204129189006,38.27829736161054
157,20.0,35.0,366.4009873568342,35.99103948723757,37.11705419138145,38.27829736161054,38.872472711048495,40.08863585839502,40.71091220978629,41.98459272639334,42.63629909197568
158,22.0,35.0,341.7439013049812,37.11705419138145,38.872472711048495,40.08863585839502,41.342847853623134,42.63629909197568,43.29812157776688,43.97021721136937,44.65274545784855
159,24.0,35.0,358.7232381076332,38.872472711048495,45.345868257568206,62.66403939845544,65.62768017420258,67.68090603063297,70.88181511305702,74.23410838276291,77.744945422097
160,26.0,35.0,344.6766604661342,37.11705419138145,38.872472711048495,40.71091220978629,42.63629909197568,43.29812157776688,44.65274545784855,46.04975006461351,47.490461320349596
161,28.0,35.0,329.045544081657,37.11705419138145,38.872472711048495,39.47587115477783,40.71091220978629,41.342847853623134,41.342847853623134,41.98459272639334,42.63629909197568
162,30.0,35.0,366.3503156462523,35.99103948723757,37.11705419138145,38.27829736161054,39.47587115477783,40.71091220978629,43.29812157776688,74.23410838276291,76.55659472322108
163,32.0,35.0,356.4558107955188,39.47587115477783,45.345868257568206,51.29253525353195,59.83423188672673,131.25536034840516,141.76363022611403,153.11318944644216,173.19248631106748
164,34.0,35.0,360.082304526749,37.11705419138145,41.342847853623134,43.29812157776688,45.345868257568206,89.3054909156971,94.98092264069919,101.01703235912464,105.7945442944923
165,36.0,35.0,350.1556247220987,37.11705419138145,38.872472711048495,40.08863585839502,41.342847853623134,41.98459272639334,43.29812157776688,43.97021721136937,44.65274545784855
166,38.0,35.0,372.8779738279428,35.99103948723757,37.11705419138145,37.693204129189006,38.872472711048495,40.08863585839502,40.71091220978629,41.98459272639334,42.63629909197568
167,40.0,35.0,370.31954812147427,35.99103948723757,38.27829736161054,40.08863585839502,73.09942169544017,75.38640825837804,77.744945422097,81.42182441957257,83.96918545278668
168,0.0,40.0,323.10532794091796,35.99103948723757,40.71091220978629,43.29812157776688,44.65274545784855,46.04975006461351,46.76455788581021,47.490461320349596,48.976246630114034
169,2.0,40.0,337.14049814228713,38.27829736161054,43.97021721136937,53.718370715593814,116.03809889760873,127.2734854671727,141.76363022611403,239.3369275469069,0.0
170,4.0,40.0,353.5296852703981,37.11705419138145,38.27829736161054,39.47587115477783,40.08863585839502,40.71091220978629,41.342847853623134,41.98459272639334,43.29812157776688
171,6.0,40.0,356.19732431992634,35.99103948723757,36.54971084772008,37.11705419138145,37.693204129189006,38.27829736161054,38.872472711048495,39.47587115477783,40.08863585839502
172,8.0,40.0,321.04014093734986,37.11705419138145,38.872472711048495,40.08863585839502,40.71091220978629,41.342847853623134,41.98459272639334,41.98459272639334,42.63629909197568
173,10.0,40.0,339.87391525502113,37.11705419138145,39.47587115477783,41.342847853623134,43.29812157776688,45.345868257568206,48.976246630114034,56.258933937941066,0.0
174,12.0,40.0,335.4326396495071,37.11705419138145,38.872472711048495,40.08863585839502,41.342847853623134,42.63629909197568,43.29812157776688,43.97021721136937,44.65274545784855
175,14.0,40.0,348.2532061406279,37.11705419138145,41.342847853623134,43.97021721136937,51.29253525353195,87.94043442273875,92.09950012922702,97.95249326022807,105.7945442944923
176,16.0,40.0,344.47742540228086,37.11705419138145,41.342847853623134,43.29812157776688,46.04975006461351,51.29253525353195,0.0,0.0,0.0
177,18.0,40.0,339.4501062224823,37.11705419138145,38.872472711048495,40.71091220978629,41.98459272639334,43.29812157776688,43.97021721136937,45.345868257568206,46.04975006461351
178,20.0,40.0,340.94598982573865,37.11705419138145,38.872472711048495,39.47587115477783,40.08863585839502,40.71091220978629,41.342847853623134,41.98459272639334,42.63629909197568
179,22.0,40.0,342.1309872922776,37.11705419138145,38.872472711048495,40.08863585839502,41.342847853623134,42.63629909197568,43.29812157776688,43.97021721136937,44.65274545784855
180,24.0,40.0,357.6120274412493,37.11705419138145,42.63629909197568,63.63674273358635,66.6463866603332,69.79836905659798,74.23410838276291,77.744945422097,81.42182441957257
181,26.0,40.0,344.13871677617715,37.11705419138145,38.872472711048495,40.08863585839502,41.342847853623134,41.98459272639334,43.29812157776688,43.97021721136937,44.65274545784855
182,28.0,40.0,344.31605246720807,37.11705419138145,38.872472711048495,40.08863585839502,41.342847853623134,42.63629909197568,43.97021721136937,44.65274545784855,45.345868257568206
183,30.0,40.0,348.3412322274881,37.11705419138145,38.872472711048495,39.47587115477783,40.71091220978629,41.342847853623134,41.98459272639334,42.63629909197568,43.29812157776688
184,32.0,40.0,339.1316384441471,37.11705419138145,38.872472711048495,40.08863585839502,41.342847853623134,41.98459272639334,42.63629909197568,42.63629909197568,43.29812157776688
185,34.0,40.0,365.5807055232816,35.99103948723757,38.27829736161054,75.38640825837804,77.744945422097,80.17727171679005,82.68569570724627,86.59624315553374,89.3054909156971
186,36.0,40.0,350.35035035035037,37.11705419138145,38.872472711048495,39.47587115477783,40.71091220978629,41.342847853623134,41.98459272639334,42.63629909197568,43.29812157776688
187,38.0,40.0,365.8293791684641,37.693204129189006,41.98459272639334,45.345868257568206,70.88181511305702,74.23410838276291,77.744945422097,81.42182441957257,85.27259818395133
188,40.0,40.0,352.1407924365588,37.11705419138145,38.872472711048495,40.08863585839502,40.71091220978629,41.98459272639334,42.63629909197568,43.29812157776688,43.97021721136937
189,0.0,45.0,335.95392631867634,37.11705419138145,40.71091220978629,43.29812157776688,45.345868257568206,51.29253525353195,137.46296748158827,157.9034846191113,0.0
190,2.0,45.0,336.708048925741,37.11705419138145,38.872472711048495,39.47587115477783,40.08863585839502,41.342847853623134,41.342847853623134,41.98459272639334,42.63629909197568
191,4.0,45.0,354.93293221410715,35.99103948723757,36.54971084772008,37.11705419138145,37.693204129189006,38.27829736161054,38.872472711048495,39.47587115477783,40.08863585839502
192,6.0,45.0,355.02476614813804,35.99103948723757,38.27829736161054,40.08863585839502,41.98459272639334,44.65274545784855,47.490461320349596,51.29253525353195,53.718370715593814
193,8.0,45.0,355.88141269651135,35.99103948723757,36.54971084772008,37.693204129189006,38.27829736161054,39.47587115477783,40.08863585839502,41.342847853623134,41.98459272639334
194,10.0,45.0,332.9457774019659,37.11705419138145,38.872472711048495,39.47587115477783,40.71091220978629,41.342847853623134,41.342847853623134,41.98459272639334,42.63629909197568
195,12.0,45.0,338.77212389380526,37.11705419138145,38.872472711048495,40.08863585839502,41.342847853623134,42.63629909197568,43.29812157776688,43.97021721136937,44.65274545784855
196,14.0,45.0,336.97562466569883,37.11705419138145,38.872472711048495,40.08863585839502,41.342847853623134,42.63629909197568,43.29812157776688,43.97021721136937,44.65274545784855
197,16.0,45.0,333.1016979877938,37.693204129189006,42.63629909197568,43.97021721136937,45.345868257568206,46.76455788581021,47.490461320349596,48.976246630114034,49.73648103084244
198,18.0,45.0,341.2097859895084,37.11705419138145,38.872472711048495,40.71091220978629,41.98459272639334,43.29812157776688,43.97021721136937,44.65274545784855,46.04975006461351
199,20.0,45.0,351.33843212237105,38.27829736161054,41.98459272639334,45.345868257568206,86.59624315553374,90.69173651513641,96.45526520005703,102.5850705070639,109.1044295934718
200,22.0,45.0,341.9611978722415,37.11705419138145,38.872472711048495,40.08863585839502,41.342847853623134,42.63629909197568,43.29812157776688,43.97021721136937,44.65274545784855
201,24.0,45.0,360.73619631901835,37.693204129189006,50.50851617956232,53.718370715593814,56.258933937941066,59.83423188672673,62.66403939845544,65.62768017420258,67.68090603063297
202,26.0,45.0,344.09038419524984,37.11705419138145,38.872472711048495,40.08863585839502,41.342847853623134,41.98459272639334,43.29812157776688,43.97021721136937,44.65274545784855
203,28.0,45.0,344.09038419524984,37.11705419138145,42.63629909197568,68.73148374079413,70.88181511305702,73.09942169544017,74.23410838276291,75.38640825837804,77.744945422097
204,30.0,45.0,346.616364065079,37.11705419138145,38.872472711048495,40.08863585839502,41.342847853623134,41.98459272639334,42.63629909197568,43.29812157776688,43.97021721136937
205,32.0,45.0,362.0808565141713,37.693204129189006,41.98459272639334,45.345868257568206,70.88181511305702,74.23410838276291,77.744945422097,81.42182441957257,86.59624315553374
206,34.0,45.0,366.8533407227804,35.99103948723757,37.693204129189006,39.47587115477783,41.342847853623134,77.744945422097,81.42182441957257,82.68569570724627,86.59624315553374
207,36.0,45.0,352.6081811494547,40.08863585839502,74.23410838276291,85.27259818395133,97.95249326022807,0.0,0.0,0.0,0.0
208,38.0,45.0,370.5568787090526,35.99103948723757,38.27829736161054,40.08863585839502,41.98459272639334,43.97021721136937,46.76455788581021,50.50851617956232,53.718370715593814
209,40.0,45.0,352.7379181264098,37.11705419138145,38.872472711048495,40.08863585839502,41.342847853623134,41.98459272639334,43.29812157776688,43.97021721136937,44.65274545784855
210,0.0,50.0,336.79033465198336,37.693204129189006,46.76455788581021,97.95249326022807,105.7945442944923,116.03809889760873,127.2734854671727,141.76363022611403,167.93837090557335
211,2.0,50.0,347.66567333617144,37.11705419138145,47.490461320349596,52.89727214724615,56.258933937941066,59.83423188672673,62.66403939845544,65.62768017420258,67.68090603063297
212,4.0,50.0,352.97884321119477,35.99103948723757,36.54971084772008,37.693204129189006,38.27829736161054,39.47587115477783,40.08863585839502,40.71091220978629,41.98459272639334
213,6.0,50.0,356.46620023914033,35.99103948723757,36.54971084772008,37.11705419138145,37.693204129189006,38.27829736161054,38.872472711048495,39.47587115477783,40.08863585839502
214,8.0,50.0,324.1884262526464,35.99103948723757,37.11705419138145,38.27829736161054,39.47587115477783,40.08863585839502,40.71091220978629,41.98459272639334,42.63629909197568
215,10.0,50.0,352.25330287393956,37.11705419138145,49.73648103084244,53.718370715593814,57.13221394346994,60.76300949937213,63.63674273358635,66.6463866603332,69.79836905659798
216,12.0,50.0,364.14176090868506,35.99103948723757,37.11705419138145,38.27829736161054,39.47587115477783,40.71091220978629,41.98459272639334,42.63629909197568,43.97021721136937
217,14.0,50.0,340.71418638070367,37.11705419138145,38.872472711048495,40.08863585839502,41.342847853623134,41.98459272639334,43.29812157776688,43.97021721136937,44.65274545784855
218,16.0,50.0,355.78288369691484,37.11705419138145,49.73648103084244,53.718370715593814,57.13221394346994,61.70620407412351,65.62768017420258,67.68090603063297,70.88181511305702
219,18.0,50.0,341.3259856658566,37.11705419138145,38.872472711048495,40.08863585839502,40.71091220978629,41.98459272639334,42.63629909197568,43.29812157776688,43.97021721136937
220,20.0,50.0,369.31807095550056,35.99103948723757,37.11705419138145,38.27829736161054,38.872472711048495,40.08863585839502,41.342847853623134,42.63629909197568,43.97021721136937
221,22.0,50.0,343.81139489194504,37.11705419138145,38.872472711048495,39.47587115477783,40.71091220978629,41.342847853623134,41.98459272639334,42.63629909197568,43.29812157776688
222,24.0,50.0,368.2693870436304,35.99103948723757,36.54971084772008,37.11705419138145,37.693204129189006,38.27829736161054,38.872472711048495,39.47587115477783,40.08863585839502
223,26.0,50.0,344.3859621722086,37.11705419138145,38.872472711048495,40.08863585839502,41.342847853623134,42.63629909197568,43.29812157776688,43.97021721136937,44.65274545784855
224,28.0,50.0,389.1657104956827,35.99103948723757,35.99103948723757,35.99103948723757,36.54971084772008,37.11705419138145,37.693204129189006,37.693204129189006,38.27829736161054
225,30.0,50.0,349.3567399708473,37.11705419138145,38.872472711048495,40.08863585839502,41.98459272639334,42.63629909197568,43.29812157776688,44.65274545784855,45.345868257568206
226,32.0,50.0,374.5990741876678,35.99103948723757,36.54971084772008,37.693204129189006,38.872472711048495,39.47587115477783,40.71091220978629,41.342847853623134,42.63629909197568
227,34.0,50.0,348.8648049996045,37.11705419138145,38.872472711048495,40.08863585839502,41.342847853623134,41.98459272639334,42.63629909197568,43.29812157776688,43.97021721136937
228,36.0,50.0,370.4746671424902,35.99103948723757,37.11705419138145,38.27829736161054,39.47587115477783,40.71091220978629,42.63629909197568,60.76300949937213,65.62768017420258
229,38.0,50.0,353.8928210313448,37.11705419138145,38.872472711048495,40.08863585839502,41.342847853623134,42.63629909197568,43.29812157776688,44.65274545784855,45.345868257568206
230,40.0,50.0,352.48980896810815,37.11705419138145,38.872472711048495,40.08863585839502,41.342847853623134,41.98459272639334,42.63629909197568,43.29812157776688,43.97021721136937
231,0.0,55.0,340.2147750416589,35.99103948723757,37.693204129189006,39.47587115477783,41.342847853623134,43.29812157776688,48.227632600028514,75.38640825837804,96.45526520005703
232,2.0,55.0,334.5927982883416,37.693204129189006,41.98459272639334,45.345868257568206,51.29253525353195,58.91965086935957,0.0,0.0,0.0
233,4.0,55.0,332.6243381454496,37.11705419138145,38.872472711048495,40.71091220978629,42.63629909197568,43.97021721136937,45.345868257568206,46.76455788581021,48.976246630114034
234,6.0,55.0,361.54039093595713,35.99103948723757,37.11705419138145,37.693204129189006,38.872472711048495,39.47587115477783,40.08863585839502,41.342847853623134,42.63629909197568
235,8.0,55.0,349.261082389824,35.99103948723757,38.27829736161054,40.08863585839502,41.98459272639334,44.65274545784855,52.08872427338086,63.63674273358635,69.79836905659798
236,10.0,55.0,334.6283424894528,37.11705419138145,38.872472711048495,40.08863585839502,41.342847853623134,42.63629909197568,43.29812157776688,44.65274545784855,45.345868257568206
237,12.0,55.0,341.77568355136714,37.11705419138145,41.342847853623134,43.29812157776688,46.04975006461351,52.89727214724615,0.0,0.0,0.0
238,14.0,55.0,336.8109123680633,37.11705419138145,38.872472711048495,40.08863585839502,41.342847853623134,42.63629909197568,43.29812157776688,43.97021721136937,44.65274545784855
239,16.0,55.0,352.5179856115109,38.27829736161054,43.29812157776688,66.6463866603332,69.79836905659798,73.09942169544017,76.55659472322108,81.42182441957257,85.27259818395133
240,18.0,55.0,345.3244170203436,37.11705419138145,38.872472711048495,40.71091220978629,41.98459272639334,42.63629909197568,43.97021721136937,44.65274545784855,45.345868257568206
241,20.0,55.0,341.04090944242523,37.11705419138145,38.872472711048495,40.08863585839502,41.342847853623134,41.98459272639334,43.29812157776688,43.97021721136937,44.65274545784855
242,22.0,55.0,350.20011435105783,37.11705419138145,40.71091220978629,43.29812157776688,45.345868257568206,51.29253525353195,131.25536034840516,143.96415794895032,167.93837090557335
243,24.0,55.0,343.0571761960327,37.11705419138145,38.872472711048495,40.08863585839502,41.342847853623134,41.98459272639334,42.63629909197568,43.29812157776688,43.97021721136937
244,26.0,55.0,326.1092838369544,36.54971084772008,38.872472711048495,40.08863585839502,40.71091220978629,41.342847853623134,41.98459272639334,42.63629909197568,43.29812157776688
245,28.0,55.0,345.589618205755,37.11705419138145,38.872472711048495,40.08863585839502,41.342847853623134,41.98459272639334,43.29812157776688,43.97021721136937,44.65274545784855
246,30.0,55.0,373.2089917609577,35.99103948723757,36.54971084772008,37.693204129189006,38.872472711048495,39.47587115477783,40.08863585839502,41.342847853623134,42.63629909197568
247,32.0,55.0,343.90791690061764,39.47587115477783,43.97021721136937,46.04975006461351,47.490461320349596,48.976246630114034,50.50851617956232,51.29253525353195,52.08872427338086
248,34.0,55.0,348.936574249905,37.11705419138145,38.872472711048495,40.08863585839502,41.342847853623134,41.98459272639334,43.29812157776688,43.97021721136937,44.65274545784855
249,36.0,55.0,349.0304709141274,38.872472711048495,46.76455788581021,48.976246630114034,51.29253525353195,53.718370715593814,55.39900223305413,57.13221394346994,58.91965086935957
250,38.0,55.0,351.3776233805556,37.11705419138145,38.872472711048495,40.08863585839502,41.342847853623134,41.98459272639334,42.63629909197568,43.97021721136937,44.65274545784855
251,40.0,55.0,389.8241433738986,35.99103948723757,36.54971084772008,37.693204129189006,38.27829736161054,38.872472711048495,39.47587115477783,40.08863585839502,40.71091220978629
252,0.0,60.0,332.52903031217016,37.11705419138145,40.08863585839502,42.63629909197568,45.345868257568206,48.976246630114034,58.91965086935957,0.0,0.0
253,2.0,60.0,357.4502983661046,35.99103948723757,36.54971084772008,37.693204129189006,38.27829736161054,38.872472711048495,39.47587115477783,40.71091220978629,41.342847853623134
254,4.0,60.0,341.78627894720523,37.693204129189006,41.98459272639334,44.65274545784855,85.27259818395133,90.69173651513641,96.45526520005703,102.5850705070639,109.1044295934718
255,6.0,60.0,343.09988018734344,37.11705419138145,41.342847853623134,43.29812157776688,83.96918545278668,89.3054909156971,94.98092264069919,102.5850705070639,109.1044295934718
256,8.0,60.0,360.18242370730366,35.99103948723757,37.11705419138145,38.27829736161054,38.872472711048495,40.08863585839502,40.71091220978629,41.98459272639334,42.63629909197568
257,10.0,60.0,334.6232642840883,37.11705419138145,38.872472711048495,40.08863585839502,41.342847853623134,41.98459272639334,43.29812157776688,43.97021721136937,44.65274545784855
258,12.0,60.0,323.48928304211955,35.99103948723757,37.11705419138145,38.27829736161054,38.872472711048495,48.227632600028514,48.227632600028514,48.976246630114034,48.976246630114034
259,14.0,60.0,337.5120540019287,37.11705419138145,38.872472711048495,40.08863585839502,41.98459272639334,42.63629909197568,43.97021721136937,44.65274545784855,45.345868257568206
260,16.0,60.0,339.60171880053605,37.11705419138145,38.872472711048495,40.08863585839502,40.71091220978629,41.98459272639334,42.63629909197568,43.29812157776688,43.97021721136937
261,18.0,60.0,361.6995190583912,35.99103948723757,36.54971084772008,37.693204129189006,38.27829736161054,39.47587115477783,40.08863585839502,40.71091220978629,41.342847853623134
262,20.0,60.0,340.7773742369214,37.11705419138145,38.872472711048495,40.08863585839502,41.342847853623134,41.98459272639334,42.63629909197568,43.29812157776688,43.97021721136937
263,22.0,60.0,349.1962942434081,37.11705419138145,38.872472711048495,40.08863585839502,41.342847853623134,41.98459272639334,43.29812157776688,43.97021721136937,44.65274545784855
264,24.0,60.0,357.4728855600408,36.54971084772008,42.63629909197568,43.97021721136937,46.04975006461351,48.227632600028514,49.73648103084244,90.69173651513641,94.98092264069919
265,26.0,60.0,359.82963168459025,38.872472711048495,45.345868257568206,64.62454486839977,66.6463866603332,69.79836905659798,73.09942169544017,76.55659472322108,80.17727171679005
266,28.0,60.0,345.6383729132377,37.11705419138145,38.872472711048495,40.08863585839502,41.342847853623134,41.98459272639334,42.63629909197568,43.29812157776688,43.97021721136937
267,30.0,60.0,355.101054835333,37.11705419138145,40.08863585839502,42.63629909197568,44.65274545784855,48.976246630114034,131.25536034840516,143.96415794895032,165.37139141449254
268,32.0,60.0,347.8576386697798,37.11705419138145,38.872472711048495,40.08863585839502,41.342847853623134,41.98459272639334,42.63629909197568,43.29812157776688,43.97021721136937
269,34.0,60.0,370.29684220345206,35.99103948723757,38.872472711048495,40.71091220978629,46.04975006461351,52.08872427338086,54.5522147967359,58.01904944880436,61.70620407412351
270,36.0,60.0,364.975585533394,39.47587115477783,43.29812157776688,67.68090603063297,70.88181511305702,74.23410838276291,77.744945422097,81.42182441957257,83.96918545278668
271,38.0,60.0,351.2097223770766,37.11705419138145,38.872472711048495,40.08863585839502,41.342847853623134,41.98459272639334,42.63629909197568,43.29812157776688,43.97021721136937
272,40.0,60.0,365.5564581640943,37.11705419138145,41.342847853623134,43.97021721136937,48.976246630114034,81.42182441957257,86.59624315553374,90.69173651513641,94.98092264069919
273,0.0,65.0,341.37354471141947,37.693204129189006,41.98459272639334,46.04975006461351,75.38640825837804,78.95174230955568,82.68569570724627,87.94043442273875,93.52911577162043
274,2.0,65.0,354.49152906555616,35.99103948723757,36.54971084772008,37.11705419138145,37.693204129189006,38.27829736161054,38.872472711048495,38.872472711048495,39.47587115477783
275,4.0,65.0,356.2377883710467,35.99103948723757,37.11705419138145,38.27829736161054,38.872472711048495,40.08863585839502,41.342847853623134,42.63629909197568,43.97021721136937
276,6.0,65.0,342.03546000279215,37.11705419138145,41.342847853623134,43.29812157776688,46.04975006461351,102.5850705070639,109.1044295934718,119.66846377345345,129.24908973679953
277,8.0,65.0,328.2862119790969,37.693204129189006,41.98459272639334,43.97021721136937,44.65274545784855,46.04975006461351,46.76455788581021,47.490461320349596,48.976246630114034
278,10.0,65.0,341.1464376885588,37.11705419138145,40.08863585839502,41.98459272639334,42.63629909197568,43.97021721136937,44.65274545784855,45.345868257568206,46.76455788581021
279,12.0,65.0,335.611330116741,37.11705419138145,38.872472711048495,40.71091220978629,42.63629909197568,43.97021721136937,44.65274545784855,46.04975006461351,46.76455788581021
280,14.0,65.0,345.07042253521126,38.27829736161054,43.97021721136937,51.29253525353195,109.1044295934718,119.66846377345345,133.2927733206664,148.4682167655258,379.92369056279676
281,16.0,65.0,339.1994585115221,37.11705419138145,38.872472711048495,40.08863585839502,40.71091220978629,41.98459272639334,42.63629909197568,43.29812157776688,43.97021721136937
282,18.0,65.0,340.8247805119327,37.11705419138145,39.47587115477783,41.342847853623134,43.29812157776688,44.65274545784855,46.04975006461351,46.76455788581021,48.976246630114034
283,20.0,65.0,348.21470871563264,37.11705419138145,40.08863585839502,41.98459272639334,43.29812157776688,44.65274545784855,46.04975006461351,47.490461320349596,48.976246630114034
284,22.0,65.0,354.8724551380059,37.11705419138145,38.27829736161054,39.47587115477783,40.08863585839502,40.71091220978629,41.342847853623134,41.98459272639334,41.98459272639334
285,24.0,65.0,344.53125,37.11705419138145,38.872472711048495,39.47587115477783,40.71091220978629,41.342847853623134,41.98459272639334,42.63629909197568,43.29812157776688
286,26.0,65.0,393.0972734365428,35.99103948723757,35.99103948723757,36.54971084772008,36.54971084772008,37.11705419138145,37.11705419138145,37.693204129189006,37.693204129189006
287,28.0,65.0,345.41096856055265,37.11705419138145,38.872472711048495,40.08863585839502,41.342847853623134,42.63629909197568,43.29812157776688,43.97021721136937,44.65274545784855
288,30.0,65.0,367.27351466595604,37.11705419138145,38.27829736161054,39.47587115477783,40.08863585839502,40.71091220978629,41.342847853623134,41.98459272639334,42.63629909197568
289,32.0,65.0,358.8341551530538,37.11705419138145,41.98459272639334,43.97021721136937,46.04975006461351,48.227632600028514,49.73648103084244,52.08872427338086,54.5522147967359
290,34.0,65.0,379.38094664579063,37.11705419138145,38.27829736161054,40.08863585839502,42.63629909197568,50.50851617956232,51.29253525353195,52.08872427338086,52.89727214724615
291,36.0,65.0,350.96934390220616,37.11705419138145,38.872472711048495,40.08863585839502,41.342847853623134,42.63629909197568,43.29812157776688,43.97021721136937,44.65274545784855
292,38.0,65.0,351.3664249860569,37.11705419138145,38.872472711048495,40.08863585839502,41.342847853623134,41.98459272639334,43.29812157776688,43.97021721136937,44.65274545784855
293,40.0,65.0,358.20459086700134,37.11705419138145,40.08863585839502,43.29812157776688,45.345868257568206,48.976246630114034,58.91965086935957,0.0,0.0
294,0.0,70.0,329.97126780797316,37.11705419138145,39.47587115477783,41.98459272639334,43.97021721136937,46.04975006461351,49.73648103084244,52.89727214724615,56.258933937941066
295,2.0,70.0,363.8899803734388,35.99103948723757,36.54971084772008,37.11705419138145,37.693204129189006,38.27829736161054,38.872472711048495,39.47587115477783,40.08863585839502
296,4.0,70.0,332.5992518402317,37.11705419138145,39.47587115477783,41.98459272639334,43.97021721136937,46.04975006461351,51.29253525353195,56.258933937941066,59.83423188672673
297,6.0,70.0,353.8568887160499,36.54971084772008,40.08863585839502,43.97021721136937,46.04975006461351,49.73648103084244,52.08872427338086,54.5522147967359,57.13221394346994
298,8.0,70.0,339.07948761321865,37.11705419138145,40.08863585839502,42.63629909197568,44.65274545784855,46.76455788581021,58.01904944880436,0.0,0.0
299,10.0,70.0,349.7557261595076,38.872472711048495,46.04975006461351,62.66403939845544,66.6463866603332,69.79836905659798,73.09942169544017,77.744945422097,81.42182441957257
300,12.0,70.0,336.523052973765,37.11705419138145,38.872472711048495,40.08863585839502,41.98459272639334,42.63629909197568,43.97021721136937,44.65274545784855,45.345868257568206
301,14.0,70.0,344.45590027181555,37.11705419138145,40.08863585839502,42.63629909197568,44.65274545784855,48.227632600028514,51.29253525353195,56.258933937941066,63.63674273358635
302,16.0,70.0,338.6316516931583,37.11705419138145,38.872472711048495,40.08863585839502,41.342847853623134,41.98459272639334,43.29812157776688,43.97021721136937,44.65274545784855
303,18.0,70.0,360.08615339233296,35.99103948723757,37.11705419138145,38.27829736161054,39.47587115477783,40.71091220978629,41.98459272639334,43.97021721136937,50.50851617956232
304,20.0,70.0,340.79844206426486,37.11705419138145,38.872472711048495,40.08863585839502,41.342847853623134,41.98459272639334,42.63629909197568,43.29812157776688,44.65274545784855
305,22.0,70.0,352.1970386697974,36.54971084772008,42.63629909197568,44.65274545784855,46.76455788581021,49.73648103084244,52.89727214724615,117.83930173871916,125.32807879691089
306,24.0,70.0,345.05422280644103,37.11705419138145,38.872472711048495,40.08863585839502,41.342847853623134,41.98459272639334,42.63629909197568,43.29812157776688,43.97021721136937
307,26.0,70.0,346.69266206506194,37.11705419138145,40.71091220978629,43.29812157776688,46.04975006461351,48.976246630114034,51.29253525353195,53.718370715593814,56.258933937941066
308,28.0,70.0,352.3996739703697,37.11705419138145,39.47587115477783,41.342847853623134,41.98459272639334,43.29812157776688,43.97021721136937,45.345868257568206,46.04975006461351
309,30.0,70.0,399.19655350578483,35.99103948723757,35.99103948723757,36.54971084772008,37.11705419138145,37.693204129189006,37.693204129189006,38.27829736161054,38.872472711048495
310,32.0,70.0,349.20182440136836,37.11705419138145,38.872472711048495,40.08863585839502,41.342847853623134,42.63629909197568,43.29812157776688,43.97021721136937,45.345868257568206
311,34.0,70.0,367.9405912812794,35.99103948723757,37.11705419138145,38.27829736161054,39.47587115477783,40.71091220978629,41.342847853623134,42.63629909197568,43.97021721136937
312,36.0,70.0,350.9023202520767,37.11705419138145,38.872472711048495,40.08863585839502,41.342847853623134,41.98459272639334,42.63629909197568,43.29812157776688,43.97021721136937
313,38.0,70.0,364.80047647409174,37.11705419138145,41.342847853623134,43.97021721136937,76.55659472322108,80.17727171679005,83.96918545278668,87.94043442273875,93.52911577162043
314,40.0,70.0,382.35605279632426,35.99103948723757,36.54971084772008,37.11705419138145,37.693204129189006,38.27829736161054,38.872472711048495,39.47587115477783,40.08863585839502
315,0.0,75.0,322.3354335082667,37.11705419138145,38.872472711048495,39.47587115477783,40.71091220978629,41.342847853623134,41.98459272639334,41.98459272639334,42.63629909197568
316,2.0,75.0,354.1940117873761,35.99103948723757,37.11705419138145,37.693204129189006,38.872472711048495,40.08863585839502,40.71091220978629,42.63629909197568,43.97021721136937
317,4.0,75.0,359.88531797582306,35.99103948723757,36.54971084772008,36.54971084772008,37.11705419138145,37.693204129189006,38.27829736161054,38.872472711048495,39.47587115477783
318,6.0,75.0,357.3862828202138,35.99103948723757,36.54971084772008,37.11705419138145,37.693204129189006,37.693204129189006,38.27829736161054,38.872472711048495,39.47587115477783
319,8.0,75.0,350.7760705330553,35.99103948723757,37.693204129189006,39.47587115477783,41.98459272639334,66.6463866603332,71.98207897447516,75.38640825837804,80.17727171679005
320,10.0,75.0,375.0740075691878,35.99103948723757,35.99103948723757,36.54971084772008,37.11705419138145,37.693204129189006,38.27829736161054,38.872472711048495,38.872472711048495
321,12.0,75.0,335.7033022243198,37.11705419138145,38.872472711048495,40.71091220978629,41.98459272639334,43.29812157776688,43.97021721136937,45.345868257568206,46.04975006461351
322,14.0,75.0,346.27887620333877,38.27829736161054,42.63629909197568,46.04975006461351,53.718370715593814,110.79800446610825,121.52601899874426,131.25536034840516,143.96415794895032
323,16.0,75.0,338.82418021451184,37.11705419138145,38.872472711048495,40.08863585839502,41.342847853623134,41.98459272639334,42.63629909197568,43.97021721136937,44.65274545784855
324,18.0,75.0,339.61217983273514,37.11705419138145,38.872472711048495,40.08863585839502,40.71091220978629,41.98459272639334,42.63629909197568,43.29812157776688,43.97021721136937
325,20.0,75.0,346.1864539831067,37.11705419138145,38.872472711048495,40.71091220978629,41.98459272639334,43.29812157776688,43.97021721136937,45.345868257568206,46.04975006461351
326,22.0,75.0,342.6200724085957,37.11705419138145,38.872472711048495,40.08863585839502,41.342847853623134,41.98459272639334,42.63629909197568,43.29812157776688,44.65274545784855
327,24.0,75.0,357.247010790318,37.693204129189006,41.98459272639334,46.76455788581021,69.79836905659798,73.09942169544017,76.55659472322108,81.42182441957257,85.27259818395133
328,26.0,75.0,344.48280710525074,37.11705419138145,38.872472711048495,40.08863585839502,41.342847853623134,42.63629909197568,43.29812157776688,43.97021721136937,44.65274545784855
329,28.0,75.0,355.88050162204036,38.27829736161054,43.29812157776688,51.29253525353195,90.69173651513641,96.45526520005703,102.5850705070639,109.1044295934718,116.03809889760873
330,30.0,75.0,347.173019696755,37.11705419138145,38.872472711048495,40.08863585839502,41.342847853623134,41.98459272639334,42.63629909197568,43.29812157776688,43.97021721136937
331,32.0,75.0,350.93582887700535,37.11705419138145,38.872472711048495,40.08863585839502,41.342847853623134,41.98459272639334,42.63629909197568,43.29812157776688,43.97021721136937
332,34.0,75.0,379.9495341354589,35.99103948723757,36.54971084772008,36.54971084772008,37.11705419138145,37.693204129189006,38.27829736161054,38.27829736161054,38.872472711048495
333,36.0,75.0,350.9749303621171,37.11705419138145,38.872472711048495,40.08863585839502,41.342847853623134,42.63629909197568,43.29812157776688,43.97021721136937,44.65274545784855
334,38.0,75.0,354.091726618705,37.693204129189006,52.89727214724615,59.83423188672673,66.6463866603332,73.09942169544017,78.95174230955568,83.96918545278668,89.3054909156971
335,40.0,75.0,353.29178216076787,37.11705419138145,38.872472711048495,39.47587115477783,40.71091220978629,41.98459272639334,42.63629909197568,43.29812157776688,43.97021721136937
336,0.0,80.0,344.67479236769003,35.99103948723757,38.27829736161054,40.08863585839502,41.98459272639334,44.65274545784855,52.08872427338086,61.70620407412351,67.68090603063297
337,2.0,80.0,338.2576280546735,37.11705419138145,40.71091220978629,43.29812157776688,45.345868257568206,51.29253525353195,129.24908973679953,143.96415794895032,175.8808688454775
338,4.0,80.0,341.69094402776915,36.54971084772008,75.38640825837804,82.68569570724627,90.69173651513641,97.95249326022807,105.7945442944923,114.26442788693988,123.41240814824702
339,6.0,80.0,328.9228336590241,37.11705419138145,53.718370715593814,55.39900223305413,56.258933937941066,58.01904944880436,58.91965086935957,59.83423188672673,60.76300949937213
340,8.0,80.0,338.19018404907973,37.11705419138145,38.872472711048495,40.71091220978629,41.98459272639334,43.29812157776688,43.97021721136937,44.65274545784855,46.04975006461351
341,10.0,80.0,361.0512428466974,35.99103948723757,37.693204129189006,38.872472711048495,40.08863585839502,41.98459272639334,43.29812157776688,44.65274545784855,46.76455788581021
342,12.0,80.0,336.34339058543577,37.11705419138145,38.872472711048495,40.08863585839502,41.342847853623134,41.98459272639334,43.29812157776688,43.97021721136937,44.65274545784855
343,14.0,80.0,340.3775798459425,37.11705419138145,38.872472711048495,40.08863585839502,40.71091220978629,41.98459272639334,42.63629909197568,43.29812157776688,43.97021721136937
344,16.0,80.0,362.17502244105367,35.99103948723757,37.11705419138145,37.693204129189006,38.872472711048495,39.47587115477783,40.71091220978629,41.98459272639334,43.29812157776688
345,18.0,80.0,359.9044892191027,35.99103948723757,37.11705419138145,38.27829736161054,39.47587115477783,40.71091220978629,43.29812157776688,66.6463866603332,69.79836905659798
346,20.0,80.0,343.2387416136113,37.11705419138145,41.342847853623134,44.65274545784855,47.490461320349596,50.50851617956232,53.718370715593814,56.258933937941066,58.91965086935957
347,22.0,80.0,342.2584400465658,37.11705419138145,38.872472711048495,40.08863585839502,41.342847853623134,41.98459272639334,43.29812157776688,43.97021721136937,44.65274545784855
348,24.0,80.0,346.19188921859546,38.872472711048495,46.76455788581021,55.39900223305413,61.70620407412351,67.68090603063297,73.09942169544017,80.17727171679005,89.3054909156971
349,26.0,80.0,344.72515790131945,37.11705419138145,38.872472711048495,40.08863585839502,41.342847853623134,42.63629909197568,43.29812157776688,43.97021721136937,44.65274545784855
350,28.0,80.0,349.42317444219054,38.27829736161054,43.29812157776688,46.76455788581021,55.39900223305413,65.62768017420258,0.0,0.0,0.0
351,30.0,80.0,347.7040494512426,37.11705419138145,38.872472711048495,39.47587115477783,40.71091220978629,41.342847853623134,41.98459272639334,43.29812157776688,43.29812157776688
352,32.0,80.0,368.31028262176795,37.11705419138145,46.04975006461351,50.50851617956232,53.718370715593814,55.39900223305413,58.01904944880436,60.76300949937213,63.63674273358635
353,34.0,80.0,349.52841404454307,37.11705419138145,38.872472711048495,40.08863585839502,41.342847853623134,41.98459272639334,42.63629909197568,43.29812157776688,43.97021721136937
354,36.0,80.0,350.244615286867,37.11705419138145,38.872472711048495,40.08863585839502,41.342847853623134,42.63629909197568,43.29812157776688,43.97021721136937,45.345868257568206
355,38.0,80.0,364.7280666931322,37.693204129189006,60.76300949937213,66.6463866603332,70.88181511305702,76.55659472322108,81.42182441957257,87.94043442273875,93.52911577162043
356,40.0,80.0,353.915541787715,37.11705419138145,38.872472711048495,40.08863585839502,41.98459272639334,43.29812157776688,43.97021721136937,45.345868257568206,46.04975006461351
357,0.0,85.0,338.8293867264932,37.11705419138145,41.342847853623134,43.97021721136937,93.52911577162043,101.01703235912464,109.1044295934718,117.83930173871916,129.24908973679953
358,2.0,85.0,340.31979256698355,37.11705419138145,38.872472711048495,39.47587115477783,40.08863585839502,40.71091220978629,41.342847853623134,41.98459272639334,42.63629909197568
359,4.0,85.0,353.72151637285936,35.99103948723757,38.27829736161054,40.08863585839502,43.29812157776688,46.04975006461351,49.73648103084244,52.08872427338086,54.5522147967359
360,6.0,85.0,336.5846956999588,37.11705419138145,40.08863585839502,43.29812157776688,45.345868257568206,51.29253525353195,0.0,0.0,0.0
361,8.0,85.0,333.49466106052813,37.11705419138145,38.872472711048495,40.08863585839502,41.342847853623134,41.98459272639334,42.63629909197568,43.29812157776688,43.97021721136937
362,10.0,85.0,351.7531825287943,37.11705419138145,50.50851617956232,53.718370715593814,56.258933937941066,59.83423188672673,62.66403939845544,66.6463866603332,68.73148374079413
363,12.0,85.0,362.98046755142934,35.99103948723757,36.54971084772008,37.11705419138145,37.11705419138145,37.693204129189006,38.27829736161054,38.872472711048495,39.47587115477783
364,14.0,85.0,342.59877876353687,37.11705419138145,38.872472711048495,40.08863585839502,40.71091220978629,41.98459272639334,42.63629909197568,43.29812157776688,43.97021721136937
365,16.0,85.0,349.8001142204455,37.11705419138145,40.08863585839502,42.63629909197568,45.345868257568206,90.69173651513641,96.45526520005703,104.17744854676172,110.79800446610825
366,18.0,85.0,339.89487151819714,37.11705419138145,38.872472711048495,40.08863585839502,41.342847853623134,42.63629909197568,43.29812157776688,43.97021721136937,44.65274545784855
367,20.0,85.0,369.81308384675816,35.99103948723757,36.54971084772008,37.11705419138145,37.693204129189006,37.693204129189006,38.27829736161054,38.872472711048495,39.47587115477783
368,22.0,85.0,342.5242718446602,37.11705419138145,38.872472711048495,40.08863585839502,41.342847853623134,41.98459272639334,42.63629909197568,43.29812157776688,43.97021721136937
369,24.0,85.0,354.31362781803875,37.11705419138145,41.342847853623134,43.29812157776688,45.345868257568206,93.52911577162043,99.47296206168487,105.7945442944923,112.51786787588213
370,26.0,85.0,344.48280710525074,37.11705419138145,38.872472711048495,40.08863585839502,41.342847853623134,42.63629909197568,43.29812157776688,43.97021721136937,44.65274545784855
371,28.0,85.0,370.7580844788617,35.99103948723757,36.54971084772008,37.11705419138145,37.693204129189006,38.27829736161054,38.872472711048495,39.47587115477783,40.08863585839502
372,30.0,85.0,346.8671836901634,37.11705419138145,38.872472711048495,40.08863585839502,41.342847853623134,41.98459272639334,43.29812157776688,43.97021721136937,44.65274545784855
373,32.0,85.0,361.14978298255664,38.27829736161054,42.63629909197568,46.04975006461351,78.95174230955568,82.68569570724627,87.94043442273875,93.52911577162043,97.95249326022807
374,34.0,85.0,349.73908354085046,37.11705419138145,38.872472711048495,40.08863585839502,41.342847853623134,42.63629909197568,43.29812157776688,44.65274545784855,45.345868257568206
375,36.0,85.0,360.4295732056165,37.11705419138145,38.27829736161054,40.08863585839502,41.342847853623134,41.98459272639334,43.29812157776688,43.97021721136937,44.65274545784855
376,38.0,85.0,346.8617272298254,37.11705419138145,38.27829736161054,39.47587115477783,40.08863585839502,40.71091220978629,41.342847853623134,41.98459272639334,41.98459272639334
377,40.0,85.0,352.80564489031815,37.11705419138145,38.872472711048495,40.08863585839502,40.71091220978629,41.98459272639334,42.63629909197568,43.29812157776688,43.97021721136937
378,0.0,90.0,353.8816121513686,35.99103948723757,36.54971084772008,36.54971084772008,37.11705419138145,37.693204129189006,38.27829736161054,38.872472711048495,39.47587115477783
379,2.0,90.0,329.71962616822435,37.11705419138145,41.342847853623134,65.62768017420258,68.73148374079413,71.98207897447516,74.23410838276291,76.55659472322108,78.95174230955568
380,4.0,90.0,344.04637166181493,37.11705419138145,40.08863585839502,44.65274545784855,57.13221394346994,67.68090603063297,75.38640825837804,82.68569570724627,90.69173651513641
381,6.0,90.0,351.98697504949524,35.99103948723757,37.693204129189006,39.47587115477783,41.98459272639334,59.83423188672673,62.66403939845544,65.62768017420258,67.68090603063297
382,8.0,90.0,333.8380015140046,37.11705419138145,38.872472711048495,40.08863585839502,41.342847853623134,41.98459272639334,43.29812157776688,43.97021721136937,44.65274545784855
383,10.0,90.0,335.13694257835056,37.11705419138145,38.872472711048495,40.08863585839502,41.342847853623134,42.63629909197568,43.29812157776688,43.97021721136937,44.65274545784855
384,12.0,90.0,325.1013638039071,35.99103948723757,36.54971084772008,37.693204129189006,38.27829736161054,39.47587115477783,40.08863585839502,41.98459272639334,51.29253525353195
385,14.0,90.0,338.1538791847501,37.11705419138145,38.872472711048495,40.08863585839502,41.342847853623134,42.63629909197568,43.29812157776688,44.65274545784855,45.345868257568206
386,16.0,90.0,325.42763109346646,37.11705419138145,38.872472711048495,39.47587115477783,40.71091220978629,41.342847853623134,41.98459272639334,41.98459272639334,42.63629909197568
387,18.0,90.0,349.34013529998896,36.54971084772008,41.98459272639334,43.29812157776688,45.345868257568206,46.04975006461351,47.490461320349596,48.227632600028514,49.73648103084244
388,20.0,90.0,345.5625381999403,37.11705419138145,40.08863585839502,42.63629909197568,44.65274545784855,46.76455788581021,52.89727214724615,61.70620407412351,0.0
389,22.0,90.0,348.31922153418424,37.11705419138145,39.47587115477783,41.98459272639334,43.29812157776688,45.345868257568206,46.76455788581021,48.976246630114034,51.29253525353195
390,24.0,90.0,346.0506285409375,37.11705419138145,38.872472711048495,40.08863585839502,41.342847853623134,42.63629909197568,43.29812157776688,43.97021721136937,45.345868257568206
391,26.0,90.0,344.5420169380294,37.11705419138145,38.872472711048495,40.08863585839502,41.342847853623134,41.98459272639334,43.29812157776688,43.97021721136937,44.65274545784855
392,28.0,90.0,340.05212590410684,37.11705419138145,38.872472711048495,39.47587115477783,40.08863585839502,40.71091220978629,41.342847853623134,41.98459272639334,42.63629909197568
393,30.0,90.0,346.94905120055375,37.11705419138145,38.872472711048495,40.08863585839502,41.342847853623134,41.98459272639334,42.63629909197568,43.29812157776688,43.97021721136937
394,32.0,90.0,362.9151716646368,38.27829736161054,62.66403939845544,66.6463866603332,69.79836905659798,74.23410838276291,77.744945422097,81.42182441957257,86.59624315553374
395,34.0,90.0,349.5394955851815,37.11705419138145,38.872472711048495,40.08863585839502,41.342847853623134,41.98459272639334,43.29812157776688,43.97021721136937,44.65274545784855
396,36.0,90.0,376.5333450725156,35.99103948723757,37.693204129189006,38.872472711048495,40.71091220978629,42.63629909197568,43.97021721136937,47.490461320349596,50.50851617956232
397,38.0,90.0,353.24084457402836,37.11705419138145,38.872472711048495,40.08863585839502,40.71091220978629,41.98459272639334,42.63629909197568,43.29812157776688,43.97021721136937
398,40.0,90.0,352.72663286036516,37.11705419138145,38.872472711048495,40.08863585839502,41.342847853623134,41.98459272639334,42.63629909197568,43.97021721136937,44.65274545784855
399,0.0,95.0,340.25152380217577,37.11705419138145,64.62454486839977,73.09942169544017,78.95174230955568,85.27259818395133,92.09950012922702,99.47296206168487,107.43674143118763
400,2.0,95.0,353.0406375542545,35.99103948723757,37.693204129189006,40.08863585839502,41.98459272639334,43.97021721136937,47.490461320349596,52.08872427338086,53.718370715593814
401,4.0,95.0,349.5927201458552,36.54971084772008,39.47587115477783,40.71091220978629,44.65274545784855,46.76455788581021,50.50851617956232,54.5522147967359,57.13221394346994
402,6.0,95.0,351.02521650534896,36.54971084772008,43.97021721136937,47.490461320349596,50.50851617956232,53.718370715593814,56.258933937941066,59.83423188672673,62.66403939845544
403,8.0,95.0,326.5457238059978,37.11705419138145,41.342847853623134,42.63629909197568,43.97021721136937,45.345868257568206,46.04975006461351,46.04975006461351,46.76455788581021
404,10.0,95.0,335.1165688926715,37.11705419138145,38.872472711048495,40.08863585839502,41.342847853623134,42.63629909197568,43.29812157776688,44.65274545784855,45.345868257568206
405,12.0,95.0,373.7342952844104,35.99103948723757,36.54971084772008,37.11705419138145,37.693204129189006,38.27829736161054,38.872472711048495,39.47587115477783,39.47587115477783
406,14.0,95.0,343.4098023641546,37.11705419138145,38.872472711048495,40.08863585839502,41.342847853623134,41.98459272639334,42.63629909197568,43.29812157776688,43.97021721136937
407,16.0,95.0,365.0238828156182,35.99103948723757,36.54971084772008,37.693204129189006,38.27829736161054,39.47587115477783,40.08863585839502,40.71091220978629,41.98459272639334
408,18.0,95.0,344.28917167616515,37.11705419138145,40.08863585839502,43.29812157776688,45.345868257568206,51.29253525353195,58.91965086935957,0.0,0.0
409,20.0,95.0,343.3028694203554,37.11705419138145,38.872472711048495,40.08863585839502,40.71091220978629,41.342847853623134,42.63629909197568,43.29812157776688,43.97021721136937
410,22.0,95.0,346.1266776548152,37.11705419138145,38.872472711048495,39.47587115477783,40.71091220978629,41.342847853623134,41.98459272639334,42.63629909197568,43.29812157776688
411,24.0,95.0,345.51921901687643,37.11705419138145,38.872472711048495,40.08863585839502,41.342847853623134,41.98459272639334,42.63629909197568,43.29812157776688,43.97021721136937
412,26.0,95.0,366.7403290718539,35.99103948723757,37.11705419138145,37.693204129189006,38.872472711048495,39.47587115477783,40.71091220978629,41.342847853623134,42.63629909197568
413,28.0,95.0,345.5083909180652,37.11705419138145,38.872472711048495,40.08863585839502,41.98459272639334,42.63629909197568,43.97021721136937,44.65274545784855,45.345868257568206
414,30.0,95.0,374.1029164757978,37.11705419138145,40.08863585839502,48.976246630114034,50.50851617956232,51.29253525353195,52.08872427338086,53.718370715593814,54.5522147967359
415,32.0,95.0,359.3136376228267,37.11705419138145,73.09942169544017,78.95174230955568,83.96918545278668,90.69173651513641,96.45526520005703,102.5850705070639,109.1044295934718
416,34.0,95.0,349.88337220926354,37.11705419138145,38.872472711048495,40.08863585839502,41.342847853623134,42.63629909197568,43.29812157776688,43.97021721136937,44.65274545784855
417,36.0,95.0,371.1820589950591,35.99103948723757,37.11705419138145,38.872472711048495,40.08863585839502,41.98459272639334,43.97021721136937,50.50851617956232,57.13221394346994
418,38.0,95.0,354.4161375873985,37.11705419138145,38.872472711048495,40.08863585839502,41.342847853623134,42.63629909197568,43.29812157776688,44.65274545784855,45.345868257568206
419,40.0,95.0,348.86480499960453,37.11705419138145,38.27829736161054,39.47587115477783,40.08863585839502,40.71091220978629,41.342847853623134,41.98459272639334,41.98459272639334
420,0.0,100.0,345.9474724654053,36.54971084772008,40.08863585839502,44.65274545784855,47.490461320349596,52.08872427338086,54.5522147967359,58.91965086935957,62.66403939845544
421,2.0,100.0,338.1849971626203,37.11705419138145,38.872472711048495,39.47587115477783,40.08863585839502,41.342847853623134,41.342847853623134,41.98459272639334,42.63629909197568
422,4.0,100.0,338.673260939684,37.11705419138145,41.342847853623134,43.29812157776688,45.345868257568206,51.29253525353195,135.36181206126594,150.77281651675608,232.07619779521747
423,6.0,100.0,354.6334949318061,35.99103948723757,37.11705419138145,37.693204129189006,38.872472711048495,39.47587115477783,40.71091220978629,41.98459272639334,43.29812157776688
424,8.0,100.0,338.205745663144,37.11705419138145,38.872472711048495,39.47587115477783,40.08863585839502,41.342847853623134,41.342847853623134,41.98459272639334,42.63629909197568
425,10.0,100.0,343.0198189228711,37.11705419138145,40.08863585839502,42.63629909197568,43.97021721136937,46.04975006461351,48.227632600028514,50.50851617956232,52.89727214724615
426,12.0,100.0,347.25071311186707,35.99103948723757,37.11705419138145,38.27829736161054,40.08863585839502,41.342847853623134,42.63629909197568,43.97021721136937,46.76455788581021
427,14.0,100.0,337.17658572389735,37.11705419138145,38.872472711048495,39.47587115477783,40.08863585839502,41.342847853623134,41.342847853623134,41.98459272639334,42.63629909197568
428,16.0,100.0,338.8918773534158,37.11705419138145,38.872472711048495,40.08863585839502,41.342847853623134,42.63629909197568,43.29812157776688,43.97021721136937,44.65274545784855
429,18.0,100.0,347.5067767761457,37.11705419138145,78.95174230955568,94.98092264069919,109.1044295934718,123.41240814824702,139.59673811319595,246.82481629649405,0.0
430,20.0,100.0,342.34346131751767,37.11705419138145,38.872472711048495,40.71091220978629,41.98459272639334,43.29812157776688,43.97021721136937,45.345868257568206,46.04975006461351
431,22.0,100.0,364.61176196016766,35.99103948723757,37.693204129189006,40.08863585839502,42.63629909197568,45.345868257568206,50.50851617956232,53.718370715593814,57.13221394346994
432,24.0,100.0,343.84356287425146,37.11705419138145,38.872472711048495,40.08863585839502,41.342847853623134,42.63629909197568,43.29812157776688,43.97021721136937,44.65274545784855
433,26.0,100.0,363.56282524117273,35.99103948723757,37.693204129189006,38.872472711048495,40.71091220978629,41.98459272639334,43.97021721136937,50.50851617956232,60.76300949937213
434,28.0,100.0,346.3767888279741,37.11705419138145,38.872472711048495,40.08863585839502,41.342847853623134,42.63629909197568,43.29812157776688,43.97021721136937,44.65274545784855
435,30.0,100.0,362.2950280963492,37.693204129189006,43.97021721136937,64.62454486839977,67.68090603063297,70.88181511305702,74.23410838276291,77.744945422097,82.68569570724627
436,32.0,100.0,358.5424153238264,37.11705419138145,39.47587115477783,41.342847853623134,42.63629909197568,43.29812157776688,43.97021721136937,45.345868257568206,46.04975006461351
437,34.0,100.0,355.2841467541047,37.11705419138145,42.63629909197568,114.26442788693988,135.36181206126594,374.1164630864817,0.0,0.0,0.0
438,36.0,100.0,344.9570563664524,37.11705419138145,38.872472711048495,39.47587115477783,40.08863585839502,40.71091220978629,41.342847853623134,41.98459272639334,42.63629909197568
439,38.0,100.0,351.6914684913154,37.11705419138145,38.872472711048495,40.08863585839502,40.71091220978629,41.98459272639334,42.63629909197568,43.29812157776688,43.97021721136937
440,40.0,100.0,366.33992357534476,37.693204129189006,41.98459272639334,44.65274545784855,77.744945422097,82.68569570724627,86.59624315553374,90.69173651513641,96.45526520005703
