,Temperature,Humidity,Sound_speed_20,0.05,1.16875,2.2874999999999996,3.4062499999999996,4.5249999999999995,5.64375,6.762499999999999,7.881249999999999,9.0
0,0.0,0.0,331.4638770126725,0.0,0.0,0.0,0.0,0.0,0.0,0.0,0.0,0.0
1,2.0,0.0,332.68044389006064,0.0,0.0,0.0,0.0,0.0,0.0,0.0,0.0,0.0
2,4.0,0.0,333.89255631876847,0.0,0.0,0.0,0.0,0.0,0.0,0.0,0.0,0.0
3,6.0,0.0,335.1002663341678,0.0,0.0,0.0,0.0,0.0,0.0,0.0,0.0,0.0
4,8.0,0.0,336.3036250196492,0.0,0.0,0.0,0.0,0.0,0.0,0.0,0.0,0.0
5,10.0,0.0,337.50268252777585,0.0,0.0,0.0,0.0,0.0,0.0,0.0,0.0,0.0
6,12.0,0.0,338.69748810593245,0.0,0.0,0.0,0.0,0.0,0.0,0.0,0.0,0.0
7,14.0,0.0,339.8880901217679,0.0,0.0,0.0,0.0,0.0,0.0,0.0,0.0,0.0
8,16.0,0.0,341.07453608364546,0.0,0.0,0.0,0.0,0.0,0.0,0.0,0.0,0.0
9,18.0,0.0,342.2568726651579,0.0,0.0,0.0,0.0,0.0,0.0,0.0,0.0,0.0
10,20.0,0.0,343.43514572389137,0.0,0.0,0.0,0.0,0.0,0.0,0.0,0.0,0.0
11,22.0,0.0,344.6094003246552,0.0,0.0,0.0,0.0,0.0,0.0,0.0,0.0,0.0
12,24.0,0.0,345.7796807560577,0.0,0.0,0.0,0.0,0.0,0.0,0.0,0.0,0.0
13,26.0,0.0,346.9460305525034,0.0,0.0,0.0,0.0,0.0,0.0,0.0,0.0,0.0
14,28.0,0.0,348.10849251167986,0.0,0.0,0.0,0.0,0.0,0.0,0.0,0.0,0.0
15,30.0,0.0,349.2671087119747,0.0,0.0,0.0,0.0,0.0,0.0,0.0,0.0,0.0
16,32.0,0.0,350.42192052968926,0.0,0.0,0.0,0.0,0.0,0.0,0.0,0.0,0.0
17,34.0,0.0,351.57296865524285,0.0,0.0,0.0,0.0,0.0,0.0,0.0,0.0,0.0
18,36.0,0.0,352.7202931104478,0.0,0.0,0.0,0.0,0.0,0.0,0.0,0.0,0.0
19,38.0,0.0,353.8639332625326,179.77119167232405,0.0,0.0,0.0,0.0,0.0,0.0,0.0,0.0
20,40.0,0.0,355.00392784050155,119.23665022502665,0.0,0.0,0.0,0.0,0.0,0.0,0.0,0.0
21,0.0,5.0,331.45112514882726,0.0,0.0,0.0,0.0,0.0,0.0,0.0,0.0,0.0
22,2.0,5.0,332.6683289890713,0.0,0.0,0.0,0.0,0.0,0.0,0.0,0.0,0.0
23,4.0,5.0,333.88142812992095,0.0,0.0,0.0,0.0,0.0,0.0,0.0,0.0,0.0
24,6.0,5.0,335.0905135528113,0.0,0.0,0.0,0.0,0.0,0.0,0.0,0.0,0.0
25,8.0,5.0,336.29568157614256,0.0,0.0,0.0,0.0,0.0,0.0,0.0,0.0,0.0
26,10.0,5.0,337.49703435865894,3085.915666277815,0.0,0.0,0.0,0.0,0.0,0.0,0.0,0.0
27,12.0,5.0,338.6946798928615,1935.3462599312297,0.0,0.0,0.0,0.0,0.0,0.0,0.0,0.0
28,14.0,5.0,339.88873154592886,1773.925080778414,0.0,0.0,0.0,0.0,0.0,0.0,0.0,0.0
29,16.0,5.0,341.07930736325136,1784.994760830306,0.0,0.0,0.0,0.0,0.0,0.0,0.0,0.0
30,18.0,5.0,342.26652917142445,1887.7826522466853,0.0,0.0,0.0,0.0,0.0,0.0,0.0,0.0
31,20.0,5.0,343.45052197952964,2034.0988343924016,0.0,0.0,0.0,0.0,0.0,0.0,0.0,0.0
32,22.0,5.0,344.63141326132774,2219.194944661559,0.0,0.0,0.0,0.0,0.0,0.0,0.0,0.0
33,24.0,5.0,345.80933290207014,2451.4452667155165,0.0,0.0,0.0,0.0,0.0,0.0,0.0,0.0
34,26.0,5.0,346.9844135336697,2724.9003187693143,0.0,0.0,0.0,0.0,0.0,0.0,0.0,0.0
35,28.0,5.0,348.1567913240279,3028.85887278134,0.0,0.0,0.0,0.0,0.0,0.0,0.0,0.0
36,30.0,5.0,349.3266073784331,3366.723548760722,0.0,0.0,0.0,0.0,0.0,0.0,0.0,0.0
37,32.0,5.0,350.4940095816558,3742.2765238881725,0.0,0.0,0.0,0.0,0.0,0.0,0.0,0.0
38,34.0,5.0,351.6591551468668,4159.721871550631,0.0,0.0,0.0,0.0,0.0,0.0,0.0,0.0
39,36.0,5.0,352.8222140470529,4623.7326232319165,0.0,0.0,0.0,0.0,0.0,0.0,0.0,0.0
40,38.0,5.0,353.98337265853206,5107.630350838165,0.0,0.0,0.0,0.0,0.0,0.0,0.0,0.0
41,40.0,5.0,355.1428395934145,5642.170498727534,0.0,0.0,0.0,0.0,0.0,0.0,0.0,0.0
42,0.0,10.0,331.45279386126793,0.0,0.0,0.0,0.0,0.0,0.0,0.0,0.0,0.0
43,2.0,10.0,332.6718275328426,0.0,0.0,0.0,0.0,0.0,0.0,0.0,0.0,0.0
44,4.0,10.0,333.887131930802,0.0,0.0,0.0,0.0,0.0,0.0,0.0,0.0,0.0
45,6.0,10.0,335.09886464944987,0.0,0.0,0.0,0.0,0.0,0.0,0.0,0.0,0.0
46,8.0,10.0,336.3071911312732,0.0,0.0,0.0,0.0,0.0,0.0,0.0,0.0,0.0
47,10.0,10.0,337.51228372905325,5712.806959793218,0.0,0.0,0.0,0.0,0.0,0.0,0.0,0.0
48,12.0,10.0,338.71432092390603,4829.52494857051,0.0,0.0,0.0,0.0,0.0,0.0,0.0,0.0
49,14.0,10.0,339.9134867169643,4740.229829235956,0.0,0.0,0.0,0.0,0.0,0.0,0.0,0.0
50,16.0,10.0,341.10997043374545,4920.502184305374,0.0,0.0,0.0,0.0,0.0,0.0,0.0,0.0
51,18.0,10.0,342.3039666937474,5268.995375136723,0.0,0.0,0.0,0.0,0.0,0.0,0.0,0.0
52,20.0,10.0,343.49567619042597,5712.806959793218,0.0,0.0,0.0,0.0,0.0,0.0,0.0,0.0
53,22.0,10.0,344.6853061204905,6271.546176975132,0.0,0.0,0.0,0.0,0.0,0.0,0.0,0.0
54,24.0,10.0,345.87307160619685,6927.896184838393,0.0,0.0,0.0,0.0,0.0,0.0,0.0,0.0
55,26.0,10.0,347.0591974741992,7652.936643296396,0.0,0.0,0.0,0.0,0.0,0.0,0.0,0.0
56,28.0,10.0,348.24392056724486,8401.429609943563,0.0,0.0,0.0,0.0,0.0,0.0,0.0,0.0
57,30.0,10.0,349.42749300327506,9280.683024483322,0.0,0.0,0.0,0.0,0.0,0.0,0.0,0.0
58,32.0,10.0,350.6101861941457,0.0,0.0,0.0,0.0,0.0,0.0,0.0,0.0,0.0
59,34.0,10.0,351.79229629022853,0.0,0.0,0.0,0.0,0.0,0.0,0.0,0.0,0.0
60,36.0,10.0,352.9741515173242,0.0,0.0,0.0,0.0,0.0,0.0,0.0,0.0,0.0
61,38.0,10.0,354.1561201587664,0.0,0.0,0.0,0.0,0.0,0.0,0.0,0.0,0.0
62,40.0,10.0,355.33862322717175,0.0,0.0,0.0,0.0,0.0,0.0,0.0,0.0,0.0
63,0.0,15.0,331.45521251959883,0.0,0.0,0.0,0.0,0.0,0.0,0.0,0.0,0.0
64,2.0,15.0,332.676088528011,0.0,0.0,0.0,0.0,0.0,0.0,0.0,0.0,0.0
65,4.0,15.0,333.8936467310467,0.0,0.0,0.0,0.0,0.0,0.0,0.0,0.0,0.0
66,6.0,15.0,335.1081003073144,0.0,0.0,0.0,0.0,0.0,0.0,0.0,0.0,0.0
67,8.0,15.0,336.3196723459085,0.0,0.0,0.0,0.0,0.0,0.0,0.0,0.0,0.0
68,10.0,15.0,337.5285955304553,9693.746126519667,0.0,0.0,0.0,0.0,0.0,0.0,0.0,0.0
69,12.0,15.0,338.73511212723156,8613.10774009328,0.0,0.0,0.0,0.0,0.0,0.0,0.0,0.0
70,14.0,15.0,339.9394741067615,8613.10774009328,0.0,0.0,0.0,0.0,0.0,0.0,0.0,0.0
71,16.0,15.0,341.1419436370048,8996.458512004205,0.0,0.0,0.0,0.0,0.0,0.0,0.0,0.0
72,18.0,15.0,342.34279356339397,9573.887022988658,0.0,0.0,0.0,0.0,0.0,0.0,0.0,0.0
73,20.0,15.0,343.5423089195897,0.0,0.0,0.0,0.0,0.0,0.0,0.0,0.0,0.0
74,22.0,15.0,344.740787788564,0.0,0.0,0.0,0.0,0.0,0.0,0.0,0.0,0.0
75,24.0,15.0,345.9385436635894,0.0,0.0,0.0,0.0,0.0,0.0,0.0,0.0,0.0
76,26.0,15.0,347.1359083987858,0.0,0.0,0.0,0.0,0.0,0.0,0.0,0.0,0.0
77,28.0,15.0,348.3332360874298,0.0,0.0,0.0,0.0,0.0,0.0,0.0,0.0,0.0
78,30.0,15.0,349.53090853935595,0.0,0.0,0.0,0.0,0.0,0.0,0.0,0.0,0.0
79,32.0,15.0,350.72934210476063,0.0,0.0,0.0,0.0,0.0,0.0,0.0,0.0,0.0
80,34.0,15.0,351.92899688704074,0.0,0.0,0.0,0.0,0.0,0.0,0.0,0.0,0.0
81,36.0,15.0,353.1303891048977,0.0,0.0,0.0,0.0,0.0,0.0,0.0,0.0,0.0
82,38.0,15.0,354.33410475710804,0.0,0.0,0.0,0.0,0.0,0.0,0.0,0.0,0.0
83,40.0,15.0,355.5408208126361,0.0,0.0,0.0,0.0,0.0,0.0,0.0,0.0,0.0
84,0.0,20.0,331.4579165258695,0.0,0.0,0.0,0.0,0.0,0.0,0.0,0.0,0.0
85,2.0,20.0,332.68066762957915,0.0,0.0,0.0,0.0,0.0,0.0,0.0,0.0,0.0
86,4.0,20.0,333.9005126505033,0.0,0.0,0.0,0.0,0.0,0.0,0.0,0.0,0.0
87,6.0,20.0,335.1177183431779,0.0,0.0,0.0,0.0,0.0,0.0,0.0,0.0,0.0
88,8.0,20.0,336.3325654295853,0.0,0.0,0.0,0.0,0.0,0.0,0.0,0.0,0.0
89,10.0,20.0,337.5453488403744,0.0,0.0,0.0,0.0,0.0,0.0,0.0,0.0,0.0
90,12.0,20.0,338.75637817957255,0.0,0.0,0.0,0.0,0.0,0.0,0.0,0.0,0.0
91,14.0,20.0,339.96597820538216,0.0,0.0,0.0,0.0,0.0,0.0,0.0,0.0,0.0
92,16.0,20.0,341.17448971234774,0.0,0.0,0.0,0.0,0.0,0.0,0.0,0.0,0.0
93,18.0,20.0,342.3822703772842,0.0,0.0,0.0,0.0,0.0,0.0,0.0,0.0,0.0
94,20.0,20.0,343.58969701267154,0.0,0.0,0.0,0.0,0.0,0.0,0.0,0.0,0.0
95,22.0,20.0,344.7971670535565,0.0,0.0,0.0,0.0,0.0,0.0,0.0,0.0,0.0
96,24.0,20.0,346.0051021600012,0.0,0.0,0.0,0.0,0.0,0.0,0.0,0.0,0.0
97,26.0,20.0,347.21395277670433,0.0,0.0,0.0,0.0,0.0,0.0,0.0,0.0,0.0
98,28.0,20.0,348.42420410949296,0.0,0.0,0.0,0.0,0.0,0.0,0.0,0.0,0.0
99,30.0,20.0,349.63638446847114,0.0,0.0,0.0,0.0,0.0,0.0,0.0,0.0,0.0
100,32.0,20.0,350.8510756730652,0.0,0.0,0.0,0.0,0.0,0.0,0.0,0.0,0.0
101,34.0,20.0,352.06892698118315,0.0,0.0,0.0,0.0,0.0,0.0,0.0,0.0,0.0
102,36.0,20.0,353.2906736481822,0.0,0.0,0.0,0.0,0.0,0.0,0.0,0.0,0.0
103,38.0,20.0,354.51715769690134,0.0,0.0,0.0,0.0,0.0,0.0,0.0,0.0,0.0
104,40.0,20.0,355.74935942935275,0.0,0.0,0.0,0.0,0.0,0.0,0.0,0.0,0.0
105,0.0,25.0,331.46078346201347,0.0,0.0,0.0,0.0,0.0,0.0,0.0,0.0,0.0
106,2.0,25.0,332.68542508476247,0.0,0.0,0.0,0.0,0.0,0.0,0.0,0.0,0.0
107,4.0,25.0,333.9075718717717,0.0,0.0,0.0,0.0,0.0,0.0,0.0,0.0,0.0
108,6.0,25.0,335.1275454997301,0.0,0.0,0.0,0.0,0.0,0.0,0.0,0.0,0.0
109,8.0,25.0,336.34568658583214,0.0,0.0,0.0,0.0,0.0,0.0,0.0,0.0,0.0
110,10.0,25.0,337.56235528865807,0.0,0.0,0.0,0.0,0.0,0.0,0.0,0.0,0.0
111,12.0,25.0,338.77793210807033,0.0,0.0,0.0,0.0,0.0,0.0,0.0,0.0,0.0
112,14.0,25.0,339.99281868520615,0.0,0.0,0.0,0.0,0.0,0.0,0.0,0.0,0.0
113,16.0,25.0,341.2074391432968,0.0,0.0,0.0,0.0,0.0,0.0,0.0,0.0,0.0
114,18.0,25.0,342.4222414524626,0.0,0.0,0.0,0.0,0.0,0.0,0.0,0.0,0.0
115,20.0,25.0,343.6377006720845,0.0,0.0,0.0,0.0,0.0,0.0,0.0,0.0,0.0
116,22.0,25.0,344.85432135917586,0.0,0.0,0.0,0.0,0.0,0.0,0.0,0.0,0.0
117,24.0,25.0,346.07264279168567,0.0,0.0,0.0,0.0,0.0,0.0,0.0,0.0,0.0
118,26.0,25.0,347.2932455815169,0.0,0.0,0.0,0.0,0.0,0.0,0.0,0.0,0.0
119,28.0,25.0,348.51676029959685,0.0,0.0,0.0,0.0,0.0,0.0,0.0,0.0,0.0
120,30.0,25.0,349.74387934561025,0.0,0.0,0.0,0.0,0.0,0.0,0.0,0.0,0.0
121,32.0,25.0,350.97537177094466,0.0,0.0,0.0,0.0,0.0,0.0,0.0,0.0,0.0
122,34.0,25.0,352.2121029434942,0.0,0.0,0.0,0.0,0.0,0.0,0.0,0.0,0.0
123,36.0,25.0,353.4550605934074,0.0,0.0,0.0,0.0,0.0,0.0,0.0,0.0,0.0
124,38.0,25.0,354.7053843124157,0.0,0.0,0.0,0.0,0.0,0.0,0.0,0.0,0.0
125,40.0,25.0,355.96440943557195,0.0,0.0,0.0,0.0,0.0,0.0,0.0,0.0,0.0
126,0.0,30.0,331.4637531021629,0.0,0.0,0.0,0.0,0.0,0.0,0.0,0.0,0.0
127,2.0,30.0,332.6902943049191,0.0,0.0,0.0,0.0,0.0,0.0,0.0,0.0,0.0
128,4.0,30.0,333.9147535079999,0.0,0.0,0.0,0.0,0.0,0.0,0.0,0.0,0.0
129,6.0,30.0,335.1375091169191,0.0,0.0,0.0,0.0,0.0,0.0,0.0,0.0,0.0
130,8.0,30.0,336.35896388701997,0.0,0.0,0.0,0.0,0.0,0.0,0.0,0.0,0.0
131,10.0,30.0,337.57954584316326,0.0,0.0,0.0,0.0,0.0,0.0,0.0,0.0,0.0
132,12.0,30.0,338.7997094530246,0.0,0.0,0.0,0.0,0.0,0.0,0.0,0.0,0.0
133,14.0,30.0,340.01993684872605,0.0,0.0,0.0,0.0,0.0,0.0,0.0,0.0,0.0
134,16.0,30.0,341.24073978548233,0.0,0.0,0.0,0.0,0.0,0.0,0.0,0.0,0.0
135,18.0,30.0,342.4626617362682,0.0,0.0,0.0,0.0,0.0,0.0,0.0,0.0,0.0
136,20.0,30.0,343.6862823836486,0.0,0.0,0.0,0.0,0.0,0.0,0.0,0.0,0.0
137,22.0,30.0,344.91222125960303,0.0,0.0,0.0,0.0,0.0,0.0,0.0,0.0,0.0
138,24.0,30.0,346.1411449733277,0.0,0.0,0.0,0.0,0.0,0.0,0.0,0.0,0.0
139,26.0,30.0,347.3737763481881,0.0,0.0,0.0,0.0,0.0,0.0,0.0,0.0,0.0
140,28.0,30.0,348.61090626210506,0.0,0.0,0.0,0.0,0.0,0.0,0.0,0.0,0.0
141,30.0,30.0,349.8534097861001,0.0,0.0,0.0,0.0,0.0,0.0,0.0,0.0,0.0
142,32.0,30.0,351.10226630459255,0.0,0.0,0.0,0.0,0.0,0.0,0.0,0.0,0.0
143,34.0,30.0,352.35858608649636,0.0,0.0,0.0,0.0,0.0,0.0,0.0,0.0,0.0
144,36.0,30.0,353.6236452454987,0.0,0.0,0.0,0.0,0.0,0.0,0.0,0.0,0.0
145,38.0,30.0,354.89892580579027,0.0,0.0,0.0,0.0,0.0,0.0,0.0,0.0,0.0
146,40.0,30.0,356.1861743110465,0.0,0.0,0.0,0.0,0.0,0.0,0.0,0.0,0.0
147,0.0,35.0,331.46679259892124,0.0,0.0,0.0,0.0,0.0,0.0,0.0,0.0,0.0
148,2.0,35.0,332.6952409041946,0.0,0.0,0.0,0.0,0.0,0.0,0.0,0.0,0.0
149,4.0,35.0,333.92202293101735,0.0,0.0,0.0,0.0,0.0,0.0,0.0,0.0,0.0
150,6.0,35.0,335.14757551519926,0.0,0.0,0.0,0.0,0.0,0.0,0.0,0.0,0.0
151,8.0,35.0,336.37236556341514,0.0,0.0,0.0,0.0,0.0,0.0,0.0,0.0,0.0
152,10.0,35.0,337.59689134966965,0.0,0.0,0.0,0.0,0.0,0.0,0.0,0.0,0.0
153,12.0,35.0,338.8216841539734,0.0,0.0,0.0,0.0,0.0,0.0,0.0,0.0,0.0
154,14.0,35.0,340.047310049828,0.0,0.0,0.0,0.0,0.0,0.0,0.0,0.0,0.0
155,16.0,35.0,341.2743726586723,0.0,0.0,0.0,0.0,0.0,0.0,0.0,0.0,0.0
156,18.0,35.0,342.50351619126064,0.0,0.0,0.0,0.0,0.0,0.0,0.0,0.0,0.0
157,20.0,35.0,343.73543145307013,0.0,0.0,0.0,0.0,0.0,0.0,0.0,0.0,0.0
158,22.0,35.0,344.97086104415934,0.0,0.0,0.0,0.0,0.0,0.0,0.0,0.0,0.0
159,24.0,35.0,346.21060898668674,0.0,0.0,0.0,0.0,0.0,0.0,0.0,0.0,0.0
160,26.0,35.0,347.45555287865335,0.0,0.0,0.0,0.0,0.0,0.0,0.0,0.0,0.0
161,28.0,35.0,348.70665959078644,0.0,0.0,0.0,0.0,0.0,0.0,0.0,0.0,0.0
162,30.0,35.0,349.9650064449115,0.0,0.0,0.0,0.0,0.0,0.0,0.0,0.0,0.0
163,32.0,35.0,351.23180764938513,0.0,0.0,0.0,0.0,0.0,0.0,0.0,0.0,0.0
164,34.0,35.0,352.50844902455253,0.0,0.0,0.0,0.0,0.0,0.0,0.0,0.0,0.0
165,36.0,35.0,353.79653352581875,0.0,0.0,0.0,0.0,0.0,0.0,0.0,0.0,0.0
166,38.0,35.0,355.0979339118135,0.0,0.0,0.0,0.0,0.0,0.0,0.0,0.0,0.0
167,40.0,35.0,356.41486879496034,0.0,0.0,0.0,0.0,0.0,0.0,0.0,0.0,0.0
168,0.0,40.0,331.469883142183,0.0,0.0,0.0,0.0,0.0,0.0,0.0,0.0,0.0
169,2.0,40.0,332.7002460692198,0.0,0.0,0.0,0.0,0.0,0.0,0.0,0.0,0.0
170,4.0,40.0,333.9293619794306,0.0,0.0,0.0,0.0,0.0,0.0,0.0,0.0,0.0
171,6.0,40.0,335.15772769821484,0.0,0.0,0.0,0.0,0.0,0.0,0.0,0.0,0.0
172,8.0,40.0,336.3858761542817,0.0,0.0,0.0,0.0,0.0,0.0,0.0,0.0,0.0
173,10.0,40.0,337.6143781286705,0.0,0.0,0.0,0.0,0.0,0.0,0.0,0.0,0.0
174,12.0,40.0,338.8438444863359,0.0,0.0,0.0,0.0,0.0,0.0,0.0,0.0,0.0
175,14.0,40.0,340.07492867347855,0.0,0.0,0.0,0.0,0.0,0.0,0.0,0.0,0.0
176,16.0,40.0,341.3083304519599,0.0,0.0,0.0,0.0,0.0,0.0,0.0,0.0,0.0
177,18.0,40.0,342.5448001093357,0.0,0.0,0.0,0.0,0.0,0.0,0.0,0.0,0.0
178,20.0,40.0,343.78514625985736,0.0,0.0,0.0,0.0,0.0,0.0,0.0,0.0,0.0
179,22.0,40.0,345.0302429291249,0.0,0.0,0.0,0.0,0.0,0.0,0.0,0.0,0.0
180,24.0,40.0,346.281042017871,0.0,0.0,0.0,0.0,0.0,0.0,0.0,0.0,0.0
181,26.0,40.0,347.5385890133473,0.0,0.0,0.0,0.0,0.0,0.0,0.0,0.0,0.0
182,28.0,40.0,348.80404320712944,0.0,0.0,0.0,0.0,0.0,0.0,0.0,0.0,0.0
183,30.0,40.0,350.07870478325003,0.0,0.0,0.0,0.0,0.0,0.0,0.0,0.0,0.0
184,32.0,40.0,351.36404866346464,0.0,0.0,0.0,0.0,0.0,0.0,0.0,0.0,0.0
185,34.0,40.0,352.6617688025355,0.0,0.0,0.0,0.0,0.0,0.0,0.0,0.0,0.0
186,36.0,40.0,353.97383608073955,0.0,0.0,0.0,0.0,0.0,0.0,0.0,0.0,0.0
187,38.0,40.0,355.302565900253,0.0,0.0,0.0,0.0,0.0,0.0,0.0,0.0,0.0
188,40.0,40.0,356.65071469627463,0.0,0.0,0.0,0.0,0.0,0.0,0.0,0.0,0.0
189,0.0,45.0,331.47301349747494,0.0,0.0,0.0,0.0,0.0,0.0,0.0,0.0,0.0
190,2.0,45.0,332.7052989611395,0.0,0.0,0.0,0.0,0.0,0.0,0.0,0.0,0.0
191,4.0,45.0,333.93676052478384,0.0,0.0,0.0,0.0,0.0,0.0,0.0,0.0,0.0
192,6.0,45.0,335.167956475801,0.0,0.0,0.0,0.0,0.0,0.0,0.0,0.0,0.0
193,8.0,45.0,336.3994875581741,0.0,0.0,0.0,0.0,0.0,0.0,0.0,0.0,0.0
194,10.0,45.0,337.63199927853213,0.0,0.0,0.0,0.0,0.0,0.0,0.0,0.0,0.0
195,12.0,45.0,338.8661848510593,0.0,0.0,0.0,0.0,0.0,0.0,0.0,0.0,0.0
196,14.0,45.0,340.10278855999593,0.0,0.0,0.0,0.0,0.0,0.0,0.0,0.0,0.0
197,16.0,45.0,341.34261065841093,0.0,0.0,0.0,0.0,0.0,0.0,0.0,0.0,0.0
198,18.0,45.0,342.5865129850659,0.0,0.0,0.0,0.0,0.0,0.0,0.0,0.0,0.0
199,20.0,45.0,343.83542883569265,0.0,0.0,0.0,0.0,0.0,0.0,0.0,0.0,0.0
200,22.0,45.0,345.09037230577405,0.0,0.0,0.0,0.0,0.0,0.0,0.0,0.0,0.0
201,24.0,45.0,346.3524540406241,0.0,0.0,0.0,0.0,0.0,0.0,0.0,0.0,0.0
202,26.0,45.0,347.62290106793637,0.0,0.0,0.0,0.0,0.0,0.0,0.0,0.0,0.0
203,28.0,45.0,348.90308229525743,0.0,0.0,0.0,0.0,0.0,0.0,0.0,0.0,0.0
204,30.0,45.0,350.1945424220278,0.0,0.0,0.0,0.0,0.0,0.0,0.0,0.0,0.0
205,32.0,45.0,351.49904443041737,0.0,0.0,0.0,0.0,0.0,0.0,0.0,0.0,0.0
206,34.0,45.0,352.818624975356,0.0,0.0,0.0,0.0,0.0,0.0,0.0,0.0,0.0
207,36.0,45.0,354.15566667878505,0.0,0.0,0.0,0.0,0.0,0.0,0.0,0.0,0.0
208,38.0,45.0,355.51298324927956,0.0,0.0,0.0,0.0,0.0,0.0,0.0,0.0,0.0
209,40.0,45.0,356.8939398622716,0.0,0.0,0.0,0.0,0.0,0.0,0.0,0.0,0.0
210,0.0,50.0,331.4761766914961,0.0,0.0,0.0,0.0,0.0,0.0,0.0,0.0,0.0
211,2.0,50.0,332.71039304085355,0.0,0.0,0.0,0.0,0.0,0.0,0.0,0.0,0.0
212,4.0,50.0,333.9442126200838,0.0,0.0,0.0,0.0,0.0,0.0,0.0,0.0,0.0
213,6.0,50.0,335.17825659808915,0.0,0.0,0.0,0.0,0.0,0.0,0.0,0.0,0.0
214,8.0,50.0,336.41319529742566,0.0,0.0,0.0,0.0,0.0,0.0,0.0,0.0,0.0
215,10.0,50.0,337.64975116582,0.0,0.0,0.0,0.0,0.0,0.0,0.0,0.0,0.0
216,12.0,50.0,338.88870255165307,0.0,0.0,0.0,0.0,0.0,0.0,0.0,0.0,0.0
217,14.0,50.0,340.1308880980589,0.0,0.0,0.0,0.0,0.0,0.0,0.0,0.0,0.0
218,16.0,50.0,341.3772129953406,0.0,0.0,0.0,0.0,0.0,0.0,0.0,0.0,0.0
219,18.0,50.0,342.62865624013165,0.0,0.0,0.0,0.0,0.0,0.0,0.0,0.0,0.0
220,20.0,50.0,343.8862828893925,0.0,0.0,0.0,0.0,0.0,0.0,0.0,0.0,0.0
221,22.0,50.0,345.1512560377139,0.0,0.0,0.0,0.0,0.0,0.0,0.0,0.0,0.0
222,24.0,50.0,346.4248563314938,0.0,0.0,0.0,0.0,0.0,0.0,0.0,0.0,0.0
223,26.0,50.0,347.70850656112185,0.0,0.0,0.0,0.0,0.0,0.0,0.0,0.0,0.0
224,28.0,50.0,349.0038032026598,0.0,0.0,0.0,0.0,0.0,0.0,0.0,0.0,0.0
225,30.0,50.0,350.3125582262761,0.0,0.0,0.0,0.0,0.0,0.0,0.0,0.0,0.0
226,32.0,50.0,351.6368514850333,0.0,0.0,0.0,0.0,0.0,0.0,0.0,0.0,0.0
227,34.0,50.0,352.979098972547,0.0,0.0,0.0,0.0,0.0,0.0,0.0,0.0,0.0
228,36.0,50.0,354.3421417026594,0.0,0.0,0.0,0.0,0.0,0.0,0.0,0.0,0.0
229,38.0,50.0,355.7293512803972,0.0,0.0,0.0,0.0,0.0,0.0,0.0,0.0,0.0
230,40.0,50.0,357.14477800503676,0.0,0.0,0.0,0.0,0.0,0.0,0.0,0.0,0.0
231,0.0,55.0,331.4793682433825,0.0,0.0,0.0,0.0,0.0,0.0,0.0,0.0,0.0
232,2.0,55.0,332.7155242068096,0.0,0.0,0.0,0.0,0.0,0.0,0.0,0.0,0.0
233,4.0,55.0,333.9517146226628,0.0,0.0,0.0,0.0,0.0,0.0,0.0,0.0,0.0
234,6.0,55.0,335.18862493700385,0.0,0.0,0.0,0.0,0.0,0.0,0.0,0.0,0.0
235,8.0,55.0,336.42699681201793,0.0,0.0,0.0,0.0,0.0,0.0,0.0,0.0,0.0
236,10.0,55.0,337.66763185761545,0.0,0.0,0.0,0.0,0.0,0.0,0.0,0.0,0.0
237,12.0,55.0,338.9113963872604,0.0,0.0,0.0,0.0,0.0,0.0,0.0,0.0,0.0
238,14.0,55.0,340.1592269792631,0.0,0.0,0.0,0.0,0.0,0.0,0.0,0.0,0.0
239,16.0,55.0,341.4121383058687,0.0,0.0,0.0,0.0,0.0,0.0,0.0,0.0,0.0
240,18.0,55.0,342.6712322740567,0.0,0.0,0.0,0.0,0.0,0.0,0.0,0.0,0.0
241,20.0,55.0,343.9377129855036,0.0,0.0,0.0,0.0,0.0,0.0,0.0,0.0,0.0
242,22.0,55.0,345.2129017459781,0.0,0.0,0.0,0.0,0.0,0.0,0.0,0.0,0.0
243,24.0,55.0,346.49826087122926,0.0,0.0,0.0,0.0,0.0,0.0,0.0,0.0,0.0
244,26.0,55.0,347.79542369820365,0.0,0.0,0.0,0.0,0.0,0.0,0.0,0.0,0.0
245,28.0,55.0,349.1062330303733,0.0,0.0,0.0,0.0,0.0,0.0,0.0,0.0,0.0
246,30.0,55.0,350.4327919377625,0.0,0.0,0.0,0.0,0.0,0.0,0.0,0.0,0.0
247,32.0,55.0,351.77752751983456,0.0,0.0,0.0,0.0,0.0,0.0,0.0,0.0,0.0
248,34.0,55.0,353.1432738481538,0.0,0.0,0.0,0.0,0.0,0.0,0.0,0.0,0.0
249,36.0,55.0,354.5333799700913,0.0,0.0,0.0,0.0,0.0,0.0,0.0,0.0,0.0
250,38.0,55.0,355.9518390979474,0.0,0.0,0.0,0.0,0.0,0.0,0.0,0.0,0.0
251,40.0,55.0,357.4034687590644,0.0,0.0,0.0,0.0,0.0,0.0,0.0,0.0,0.0
252,0.0,60.0,331.48258518423376,0.0,0.0,0.0,0.0,0.0,0.0,0.0,0.0,0.0
253,2.0,60.0,332.720689798375,0.0,0.0,0.0,0.0,0.0,0.0,0.0,0.0,0.0
254,4.0,60.0,333.9592642248543,0.0,0.0,0.0,0.0,0.0,0.0,0.0,0.0,0.0
255,6.0,60.0,335.19905957530443,0.0,0.0,0.0,0.0,0.0,0.0,0.0,0.0,0.0
256,8.0,60.0,336.4408906153547,0.0,0.0,0.0,0.0,0.0,0.0,0.0,0.0,0.0
257,10.0,60.0,337.6856403693719,0.0,0.0,0.0,0.0,0.0,0.0,0.0,0.0,0.0
258,12.0,60.0,338.9342659757667,0.0,0.0,0.0,0.0,0.0,0.0,0.0,0.0,0.0
259,14.0,60.0,340.1878056053453,0.0,0.0,0.0,0.0,0.0,0.0,0.0,0.0,0.0
260,16.0,60.0,341.4473880504302,0.0,0.0,0.0,0.0,0.0,0.0,0.0,0.0,0.0
261,18.0,60.0,342.7142440254927,0.0,0.0,0.0,0.0,0.0,0.0,0.0,0.0,0.0
262,20.0,60.0,343.98972416378257,0.0,0.0,0.0,0.0,0.0,0.0,0.0,0.0,0.0
263,22.0,60.0,345.27531749085927,0.0,0.0,0.0,0.0,0.0,0.0,0.0,0.0,0.0
264,24.0,60.0,346.5726800676752,0.0,0.0,0.0,0.0,0.0,0.0,0.0,0.0,0.0
265,26.0,60.0,347.8836711420844,0.0,0.0,0.0,0.0,0.0,0.0,0.0,0.0,0.0
266,28.0,60.0,349.21039940916006,0.0,0.0,0.0,0.0,0.0,0.0,0.0,0.0,0.0
267,30.0,60.0,350.5552840172962,0.0,0.0,0.0,0.0,0.0,0.0,0.0,0.0,0.0
268,32.0,60.0,351.9211312411271,0.0,0.0,0.0,0.0,0.0,0.0,0.0,0.0,0.0
269,34.0,60.0,353.31123422868126,0.0,0.0,0.0,0.0,0.0,0.0,0.0,0.0,0.0
270,36.0,60.0,354.7295027413827,0.0,0.0,0.0,0.0,0.0,0.0,0.0,0.0,0.0
271,38.0,60.0,356.1806196338824,0.0,0.0,0.0,0.0,0.0,0.0,0.0,0.0,0.0
272,40.0,60.0,357.67025786711224,0.0,0.0,0.0,0.0,0.0,0.0,0.0,0.0,0.0
273,0.0,65.0,331.4858254933567,0.0,0.0,0.0,0.0,0.0,0.0,0.0,0.0,0.0
274,2.0,65.0,332.7258880408671,0.0,0.0,0.0,0.0,0.0,0.0,0.0,0.0,0.0
275,4.0,65.0,333.9668599259472,0.0,0.0,0.0,0.0,0.0,0.0,0.0,0.0,0.0
276,6.0,65.0,335.2095593152608,0.0,0.0,0.0,0.0,0.0,0.0,0.0,0.0,0.0
277,8.0,65.0,336.45487585625926,0.0,0.0,0.0,0.0,0.0,0.0,0.0,0.0,0.0
278,10.0,65.0,337.7037762640124,0.0,0.0,0.0,0.0,0.0,0.0,0.0,0.0,0.0
279,12.0,65.0,338.9573114166162,0.0,0.0,0.0,0.0,0.0,0.0,0.0,0.0,0.0
280,14.0,65.0,340.21662479238245,0.0,0.0,0.0,0.0,0.0,0.0,0.0,0.0,0.0
281,16.0,65.0,341.4829640485149,0.0,0.0,0.0,0.0,0.0,0.0,0.0,0.0,0.0
282,18.0,65.0,342.75769474765445,0.0,0.0,0.0,0.0,0.0,0.0,0.0,0.0,0.0
283,20.0,65.0,344.0423217498859,0.0,0.0,0.0,0.0,0.0,0.0,0.0,0.0,0.0
284,22.0,65.0,345.3385116057266,0.0,0.0,0.0,0.0,0.0,0.0,0.0,0.0,0.0
285,24.0,65.0,346.6481266218091,0.0,0.0,0.0,0.0,0.0,0.0,0.0,0.0,0.0
286,26.0,65.0,347.9732678976138,0.0,0.0,0.0,0.0,0.0,0.0,0.0,0.0,0.0
287,28.0,65.0,349.3163304313192,0.0,0.0,0.0,0.0,0.0,0.0,0.0,0.0,0.0
288,30.0,65.0,350.6800755731697,0.0,0.0,0.0,0.0,0.0,0.0,0.0,0.0,0.0
289,32.0,65.0,352.0677223620019,0.0,0.0,0.0,0.0,0.0,0.0,0.0,0.0,0.0
290,34.0,65.0,353.4830662640105,0.0,0.0,0.0,0.0,0.0,0.0,0.0,0.0,0.0
291,36.0,65.0,354.93063370745807,0.0,0.0,0.0,0.0,0.0,0.0,0.0,0.0,0.0
292,38.0,65.0,356.41586976281917,0.0,0.0,0.0,0.0,0.0,0.0,0.0,0.0,0.0
293,40.0,65.0,357.94539740023185,0.0,0.0,0.0,0.0,0.0,0.0,0.0,0.0,0.0
294,0.0,70.0,331.4890877628481,0.0,0.0,0.0,0.0,0.0,0.0,0.0,0.0,0.0
295,2.0,70.0,332.73111772080694,0.0,0.0,0.0,0.0,0.0,0.0,0.0,0.0,0.0
296,4.0,70.0,333.97450072977693,0.0,0.0,0.0,0.0,0.0,0.0,0.0,0.0,0.0
297,6.0,70.0,335.22012340674854,0.0,0.0,0.0,0.0,0.0,0.0,0.0,0.0,0.0
298,8.0,70.0,336.4689520755342,0.0,0.0,0.0,0.0,0.0,0.0,0.0,0.0,0.0
299,10.0,70.0,337.7220394469909,0.0,0.0,0.0,0.0,0.0,0.0,0.0,0.0,0.0
300,12.0,70.0,338.9805330984283,0.0,0.0,0.0,0.0,0.0,0.0,0.0,0.0,0.0
301,14.0,70.0,340.2456856061714,0.0,0.0,0.0,0.0,0.0,0.0,0.0,0.0,0.0
302,16.0,70.0,341.5188683359537,0.0,0.0,0.0,0.0,0.0,0.0,0.0,0.0,0.0
303,18.0,70.0,342.8015878881898,0.0,0.0,0.0,0.0,0.0,0.0,0.0,0.0,0.0
304,20.0,70.0,344.09551126134295,0.0,0.0,0.0,0.0,0.0,0.0,0.0,0.0,0.0
305,22.0,70.0,345.4024926232519,0.0,0.0,0.0,0.0,0.0,0.0,0.0,0.0,0.0
306,24.0,70.0,346.7246134528052,0.0,0.0,0.0,0.0,0.0,0.0,0.0,0.0,0.0
307,26.0,70.0,348.06423325954796,0.0,0.0,0.0,0.0,0.0,0.0,0.0,0.0,0.0
308,28.0,70.0,349.42405458394643,0.0,0.0,0.0,0.0,0.0,0.0,0.0,0.0,0.0
309,30.0,70.0,350.80720831868456,0.0,0.0,0.0,0.0,0.0,0.0,0.0,0.0,0.0
310,32.0,70.0,352.2173615337942,0.0,0.0,0.0,0.0,0.0,0.0,0.0,0.0,0.0
311,34.0,70.0,353.65885765892443,0.0,0.0,0.0,0.0,0.0,0.0,0.0,0.0,0.0
312,36.0,70.0,355.1368990808772,0.0,0.0,0.0,0.0,0.0,0.0,0.0,0.0,0.0
313,38.0,70.0,356.6577704071289,0.0,0.0,0.0,0.0,0.0,0.0,0.0,0.0,0.0
314,40.0,70.0,358.22914604965734,0.0,0.0,0.0,0.0,0.0,0.0,0.0,0.0,0.0
315,0.0,75.0,331.4923709916635,0.0,0.0,0.0,0.0,0.0,0.0,0.0,0.0,0.0
316,2.0,75.0,332.73637799580047,0.0,0.0,0.0,0.0,0.0,0.0,0.0,0.0,0.0
317,4.0,75.0,333.98218597036055,0.0,0.0,0.0,0.0,0.0,0.0,0.0,0.0,0.0
318,6.0,75.0,335.23075138618753,0.0,0.0,0.0,0.0,0.0,0.0,0.0,0.0,0.0
319,8.0,75.0,336.48311905897646,0.0,0.0,0.0,0.0,0.0,0.0,0.0,0.0,0.0
320,10.0,75.0,337.74043003586917,0.0,0.0,0.0,0.0,0.0,0.0,0.0,0.0,0.0
321,12.0,75.0,339.00393159739866,0.0,0.0,0.0,0.0,0.0,0.0,0.0,0.0,0.0
322,14.0,75.0,340.274989277594,0.0,0.0,0.0,0.0,0.0,0.0,0.0,0.0,0.0
323,16.0,75.0,341.55510309725685,0.0,0.0,0.0,0.0,0.0,0.0,0.0,0.0,0.0
324,18.0,75.0,342.8459270342144,0.0,0.0,0.0,0.0,0.0,0.0,0.0,0.0,0.0
325,20.0,75.0,344.1492983400531,0.0,0.0,0.0,0.0,0.0,0.0,0.0,0.0,0.0
326,22.0,75.0,345.4672692178666,0.0,0.0,0.0,0.0,0.0,0.0,0.0,0.0,0.0
327,24.0,75.0,346.80215366859113,0.0,0.0,0.0,0.0,0.0,0.0,0.0,0.0,0.0
328,26.0,75.0,348.15658677799405,0.0,0.0,0.0,0.0,0.0,0.0,0.0,0.0,0.0
329,28.0,75.0,349.53360074873217,0.0,0.0,0.0,0.0,0.0,0.0,0.0,0.0,0.0
330,30.0,75.0,350.93672458870947,0.0,0.0,0.0,0.0,0.0,0.0,0.0,0.0,0.0
331,32.0,75.0,352.37011040319055,0.0,0.0,0.0,0.0,0.0,0.0,0.0,0.0,0.0
332,34.0,75.0,353.8386977015656,0.0,0.0,0.0,0.0,0.0,0.0,0.0,0.0,0.0
333,36.0,75.0,355.34842763088335,0.0,0.0,0.0,0.0,0.0,0.0,0.0,0.0,0.0
334,38.0,75.0,356.906506715439,0.0,0.0,0.0,0.0,0.0,0.0,0.0,0.0,0.0
335,40.0,75.0,358.52176936709446,0.0,0.0,0.0,0.0,0.0,0.0,0.0,0.0,0.0
336,0.0,80.0,331.4956744555233,0.0,0.0,0.0,0.0,0.0,0.0,0.0,0.0,0.0
337,2.0,80.0,332.7416682710492,0.0,0.0,0.0,0.0,0.0,0.0,0.0,0.0,0.0
338,4.0,80.0,333.9899151984201,0.0,0.0,0.0,0.0,0.0,0.0,0.0,0.0,0.0
339,6.0,80.0,335.24144298115607,0.0,0.0,0.0,0.0,0.0,0.0,0.0,0.0,0.0
340,8.0,80.0,336.49737676193,0.0,0.0,0.0,0.0,0.0,0.0,0.0,0.0,0.0
341,10.0,80.0,337.75894828934946,0.0,0.0,0.0,0.0,0.0,0.0,0.0,0.0,0.0
342,12.0,80.0,339.0275076081378,0.0,0.0,0.0,0.0,0.0,0.0,0.0,0.0,0.0
343,14.0,80.0,340.30453713748943,0.0,0.0,0.0,0.0,0.0,0.0,0.0,0.0,0.0
344,16.0,80.0,341.5916706083036,0.0,0.0,0.0,0.0,0.0,0.0,0.0,0.0,0.0
345,18.0,80.0,342.8907158602203,0.0,0.0,0.0,0.0,0.0,0.0,0.0,0.0,0.0
346,20.0,80.0,344.2036887348258,0.0,0.0,0.0,0.0,0.0,0.0,0.0,0.0,0.0
347,22.0,80.0,345.5328501876435,0.0,0.0,0.0,0.0,0.0,0.0,0.0,0.0,0.0
348,24.0,80.0,346.88076053543244,0.0,0.0,0.0,0.0,0.0,0.0,0.0,0.0,0.0
349,26.0,80.0,348.2503482424754,0.0,0.0,0.0,0.0,0.0,0.0,0.0,0.0,0.0
350,28.0,80.0,349.6449981804711,0.0,0.0,0.0,0.0,0.0,0.0,0.0,0.0,0.0
351,30.0,80.0,351.06866730903454,0.0,0.0,0.0,0.0,0.0,0.0,0.0,0.0,0.0
352,32.0,80.0,352.5260315895608,0.0,0.0,0.0,0.0,0.0,0.0,0.0,0.0,0.0
353,34.0,80.0,354.02267729589204,0.0,0.0,0.0,0.0,0.0,0.0,0.0,0.0,0.0
354,36.0,80.0,355.56535081120575,0.0,0.0,0.0,0.0,0.0,0.0,0.0,0.0,0.0
355,38.0,80.0,357.1622682082663,0.0,0.0,0.0,0.0,0.0,0.0,0.0,0.0,0.0
356,40.0,80.0,358.8235401007902,0.0,0.0,0.0,0.0,0.0,0.0,0.0,0.0,0.0
357,0.0,85.0,331.4989976225655,0.0,0.0,0.0,0.0,0.0,0.0,0.0,0.0,0.0
358,2.0,85.0,332.7469881202446,0.0,0.0,0.0,0.0,0.0,0.0,0.0,0.0,0.0
359,4.0,85.0,333.99768811421256,0.0,0.0,0.0,0.0,0.0,0.0,0.0,0.0,0.0
360,6.0,85.0,335.25219804850786,0.0,0.0,0.0,0.0,0.0,0.0,0.0,0.0,0.0
361,8.0,85.0,336.5117252455395,0.0,0.0,0.0,0.0,0.0,0.0,0.0,0.0,0.0
362,10.0,85.0,337.7775945635441,0.0,0.0,0.0,0.0,0.0,0.0,0.0,0.0,0.0
363,12.0,85.0,339.05126191121167,0.0,0.0,0.0,0.0,0.0,0.0,0.0,0.0,0.0
364,14.0,85.0,340.3343305980952,0.0,0.0,0.0,0.0,0.0,0.0,0.0,0.0,0.0
365,16.0,85.0,341.6285732187632,0.0,0.0,0.0,0.0,0.0,0.0,0.0,0.0,0.0
366,18.0,85.0,342.93595811403605,0.0,0.0,0.0,0.0,0.0,0.0,0.0,0.0,0.0
367,20.0,85.0,344.2586882750549,0.0,0.0,0.0,0.0,0.0,0.0,0.0,0.0,0.0
368,22.0,85.0,345.59924443122526,0.0,0.0,0.0,0.0,0.0,0.0,0.0,0.0,0.0
369,24.0,85.0,346.96044746799396,0.0,0.0,0.0,0.0,0.0,0.0,0.0,0.0,0.0
370,26.0,85.0,348.3455376703519,0.0,0.0,0.0,0.0,0.0,0.0,0.0,0.0,0.0
371,28.0,85.0,349.75827650205474,0.0,0.0,0.0,0.0,0.0,0.0,0.0,0.0,0.0
372,30.0,85.0,351.2030800197637,0.0,0.0,0.0,0.0,0.0,0.0,0.0,0.0,0.0
373,32.0,85.0,352.6851887220568,0.0,0.0,0.0,0.0,0.0,0.0,0.0,0.0,0.0
374,34.0,85.0,354.21088899448426,0.0,0.0,0.0,0.0,0.0,0.0,0.0,0.0,0.0
375,36.0,85.0,355.78780280181337,0.0,0.0,0.0,0.0,0.0,0.0,0.0,0.0,0.0
376,38.0,85.0,357.42524891849564,0.0,0.0,0.0,0.0,0.0,0.0,0.0,0.0,0.0
377,40.0,85.0,359.1347385159834,0.0,0.0,0.0,0.0,0.0,0.0,0.0,0.0,0.0
378,0.0,90.0,331.5023400973655,0.0,0.0,0.0,0.0,0.0,0.0,0.0,0.0,0.0
379,2.0,90.0,332.7523372415127,0.0,0.0,0.0,0.0,0.0,0.0,0.0,0.0,0.0
380,4.0,90.0,334.0055045236732,0.0,0.0,0.0,0.0,0.0,0.0,0.0,0.0,0.0
381,6.0,90.0,335.2630165338494,0.0,0.0,0.0,0.0,0.0,0.0,0.0,0.0,0.0
382,8.0,90.0,336.5261646514234,0.0,0.0,0.0,0.0,0.0,0.0,0.0,0.0,0.0
383,10.0,90.0,337.7963692801475,0.0,0.0,0.0,0.0,0.0,0.0,0.0,0.0,0.0
384,12.0,90.0,339.0751953440292,0.0,0.0,0.0,0.0,0.0,0.0,0.0,0.0,0.0
385,14.0,90.0,340.3643711173029,0.0,0.0,0.0,0.0,0.0,0.0,0.0,0.0,0.0
386,16.0,90.0,341.6658133233481,0.0,0.0,0.0,0.0,0.0,0.0,0.0,0.0,0.0
387,18.0,90.0,342.9816575971641,0.0,0.0,0.0,0.0,0.0,0.0,0.0,0.0,0.0
388,20.0,90.0,344.31430285066,0.0,0.0,0.0,0.0,0.0,0.0,0.0,0.0,0.0
389,22.0,90.0,345.6664609418274,0.0,0.0,0.0,0.0,0.0,0.0,0.0,0.0,0.0
390,24.0,90.0,347.041228030584,0.0,0.0,0.0,0.0,0.0,0.0,0.0,0.0,0.0
391,26.0,90.0,348.4421753116149,0.0,0.0,0.0,0.0,0.0,0.0,0.0,0.0,0.0
392,28.0,90.0,349.8734657158736,0.0,0.0,0.0,0.0,0.0,0.0,0.0,0.0,0.0
393,30.0,90.0,351.3400068790801,0.0,0.0,0.0,0.0,0.0,0.0,0.0,0.0,0.0
394,32.0,90.0,352.84764645013666,0.0,0.0,0.0,0.0,0.0,0.0,0.0,0.0,0.0
395,34.0,90.0,354.4034270820056,0.0,0.0,0.0,0.0,0.0,0.0,0.0,0.0,0.0
396,36.0,90.0,356.0159206294868,0.0,0.0,0.0,0.0,0.0,0.0,0.0,0.0,0.0
397,38.0,90.0,357.69564763957504,0.0,0.0,0.0,0.0,0.0,0.0,0.0,0.0,0.0
398,40.0,90.0,359.4556526994758,0.0,0.0,0.0,0.0,0.0,0.0,0.0,0.0,0.0
399,0.0,95.0,331.50570158297546,0.0,0.0,0.0,0.0,0.0,0.0,0.0,0.0,0.0
400,2.0,95.0,332.7577154142672,0.0,0.0,0.0,0.0,0.0,0.0,0.0,0.0,0.0
401,4.0,95.0,334.01336430570535,0.0,0.0,0.0,0.0,0.0,0.0,0.0,0.0,0.0
402,6.0,95.0,335.2738984462061,0.0,0.0,0.0,0.0,0.0,0.0,0.0,0.0,0.0
403,8.0,95.0,336.5406951754764,0.0,0.0,0.0,0.0,0.0,0.0,0.0,0.0,0.0
404,10.0,95.0,337.81527290765115,0.0,0.0,0.0,0.0,0.0,0.0,0.0,0.0,0.0
405,12.0,95.0,339.0993087871704,0.0,0.0,0.0,0.0,0.0,0.0,0.0,0.0,0.0
406,14.0,95.0,340.39466019990516,0.0,0.0,0.0,0.0,0.0,0.0,0.0,0.0,0.0
407,16.0,95.0,341.70339336259036,0.0,0.0,0.0,0.0,0.0,0.0,0.0,0.0,0.0
408,18.0,95.0,343.02781815752843,0.0,0.0,0.0,0.0,0.0,0.0,0.0,0.0,0.0
409,20.0,95.0,344.3705384168429,0.0,0.0,0.0,0.0,0.0,0.0,0.0,0.0,0.0
410,22.0,95.0,345.7345088063823,0.0,0.0,0.0,0.0,0.0,0.0,0.0,0.0,0.0
411,24.0,95.0,347.1231159178695,0.0,0.0,0.0,0.0,0.0,0.0,0.0,0.0,0.0
412,26.0,95.0,348.5402816393829,0.0,0.0,0.0,0.0,0.0,0.0,0.0,0.0,0.0
413,28.0,95.0,349.9905961865486,0.0,0.0,0.0,0.0,0.0,0.0,0.0,0.0,0.0
414,30.0,95.0,351.4794926716332,0.0,0.0,0.0,0.0,0.0,0.0,0.0,0.0,0.0
415,32.0,95.0,353.01347048399384,0.0,0.0,0.0,0.0,0.0,0.0,0.0,0.0,0.0
416,34.0,95.0,354.6003875792463,0.0,0.0,0.0,0.0,0.0,0.0,0.0,0.0,0.0
417,36.0,95.0,356.2498442567897,0.0,0.0,0.0,0.0,0.0,0.0,0.0,0.0,0.0
418,38.0,95.0,357.9736680439063,0.0,0.0,0.0,0.0,0.0,0.0,0.0,0.0,0.0
419,40.0,95.0,359.78657897855055,0.0,0.0,0.0,0.0,0.0,0.0,0.0,0.0,0.0
420,0.0,100.0,331.50908185468586,0.0,0.0,0.0,0.0,0.0,0.0,0.0,0.0,0.0
421,2.0,100.0,332.76312248485266,0.0,0.0,0.0,0.0,0.0,0.0,0.0,0.0,0.0
422,4.0,100.0,334.0212673929209,0.0,0.0,0.0,0.0,0.0,0.0,0.0,0.0,0.0
423,6.0,100.0,335.28484384361224,0.0,0.0,0.0,0.0,0.0,0.0,0.0,0.0,0.0
424,8.0,100.0,336.5553170522344,0.0,0.0,0.0,0.0,0.0,0.0,0.0,0.0,0.0
425,10.0,100.0,337.8343059491585,0.0,0.0,0.0,0.0,0.0,0.0,0.0,0.0,0.0
426,12.0,100.0,339.12360314868744,0.0,0.0,0.0,0.0,0.0,0.0,0.0,0.0,0.0
427,14.0,100.0,340.4251993746595,0.0,0.0,0.0,0.0,0.0,0.0,0.0,0.0,0.0
428,16.0,100.0,341.7413158074954,0.0,0.0,0.0,0.0,0.0,0.0,0.0,0.0,0.0
429,18.0,100.0,343.07444368222247,0.0,0.0,0.0,0.0,0.0,0.0,0.0,0.0,0.0
430,20.0,100.0,344.42740098551263,0.0,0.0,0.0,0.0,0.0,0.0,0.0,0.0,0.0
431,22.0,100.0,345.80339718502836,0.0,0.0,0.0,0.0,0.0,0.0,0.0,0.0,0.0
432,24.0,100.0,347.2061249703617,0.0,0.0,0.0,0.0,0.0,0.0,0.0,0.0,0.0
433,26.0,100.0,348.63987735304056,0.0,0.0,0.0,0.0,0.0,0.0,0.0,0.0,0.0
434,28.0,100.0,350.109698677903,0.0,0.0,0.0,0.0,0.0,0.0,0.0,0.0,0.0
435,30.0,100.0,351.6215828241956,0.0,0.0,0.0,0.0,0.0,0.0,0.0,0.0,0.0
436,32.0,100.0,353.1827276145334,0.0,0.0,0.0,0.0,0.0,0.0,0.0,0.0,0.0
437,34.0,100.0,354.8018683287959,0.0,0.0,0.0,0.0,0.0,0.0,0.0,0.0,0.0
438,36.0,100.0,356.4897167109986,0.0,0.0,0.0,0.0,0.0,0.0,0.0,0.0,0.0
439,38.0,100.0,358.2595189221717,0.0,0.0,0.0,0.0,0.0,0.0,0.0,0.0,0.0
440,40.0,100.0,360.1278222211874,0.0,0.0,0.0,0.0,0.0,0.0,0.0,0.0,0.0
