,Temperature,Humidity,20.0,32.6137881790662,53.18295896944989,86.72488792828035,141.4213562373095,230.6143078159937,376.0603093086394,613.2375635173039
0,0.0,0.0,330.4856115107914,333.3635703918723,330.8823529411764,330.0898203592814,329.4585225914415,330.8823529411764,330.6441938579654,331.35970185140656
1,2.0,0.0,331.67870036101084,330.64419385796543,331.9983136593592,331.2800480769231,330.7235421166306,330.8029284685549,333.44422937333655,332.15835140997825
2,4.0,0.0,331.519124368535,333.3635703918723,333.0413243112616,332.55912162162156,331.9183526011561,333.36357039187226,334.6588149587178,334.25297113752123
3,6.0,0.0,334.3695503828949,334.36955038289483,334.12634673374447,333.7217925627714,334.4506969618832,332.11332519994573,334.2884431709646,335.1012902539475
4,8.0,0.0,333.3887721314202,336.1536702492569,335.58068394539396,336.64636101314517,333.95429142623476,333.9542914262347,335.6624195095219,336.48197036517075
5,10.0,0.0,335.11147585829565,336.99622503094855,336.66692113901826,336.1741702367703,335.5194083902676,336.9962250309486,336.83149259887267,337.4913905257519
6,12.0,0.0,337.68779576397077,337.8533670420593,337.85336704205935,337.3571395786478,336.61552553240205,338.1020286121717,337.93621358181736,338.60045146726867
7,14.0,0.0,336.2510674637063,339.14728682170545,339.06384549145037,340.0678593460827,337.651598676957,339.3142927489844,338.9804452096913,339.7325280414149
8,16.0,0.0,339.91583036581414,339.999691610257,339.6644946624151,339.4971439129162,338.82938672649317,340.3355507879423,340.0835942440273,340.8405855347565
9,18.0,0.0,341.3841151881097,339.28296661024774,341.04618430414206,340.87746962248394,340.20427685376615,341.72271642438704,341.55333188760494,342.2318795592115
10,20.0,0.0,341.0198116271517,340.43013076839947,342.6307202237589,342.1203705140338,341.4422645132318,342.9718000964364,342.8011753183154,344.42899764132517
11,22.0,0.0,343.70421174049943,341.65917753881433,343.1052189338064,343.3616742969261,342.59345576582456,344.21930125823474,343.9615636601879,344.73593696257154
12,24.0,0.0,343.3509810028029,345.32982522082307,345.0704225352113,344.55278454903424,343.77923292797,345.3298252208231,345.15684678479744,345.76303079721504
13,26.0,0.0,345.92576323303325,343.8542868727193,344.7143795141169,348.11025859619207,346.4475379442542,344.97324697268374,346.3604662121831,346.9708890637293
14,28.0,0.0,345.75218741179793,347.758887171561,347.49582374633593,346.9708890637293,346.2734382361255,347.8466635115949,349.2571356163082,348.2862107092087
15,30.0,0.0,348.4733548264745,346.28431434135314,348.2092097782831,348.0333354378432,347.3316111146115,348.9144882587505,350.33365109628215,349.8889241510631
16,32.0,0.0,349.7224425059477,347.60538512469657,349.8112129961608,349.2792650087122,348.6607001676102,348.7489324012274,349.9888892416114,350.790671036304
17,34.0,0.0,350.99727798029323,350.9972779802932,350.8185766789175,350.3726184990387,349.3954903421064,348.51190946593124,350.99727798029323,351.8036919444134
18,36.0,0.0,351.927220493177,352.1070533190681,352.10705331906803,351.5681053588227,350.76276983281105,352.3771474230923,352.19703866979734,352.918580643096
19,38.0,0.0,353.1899216735276,352.0171139386005,353.55235942084755,352.7379181264098,352.0171139386005,352.28707002604204,355.101054835333,352.918580643096
20,40.0,0.0,353.22386864237086,352.0508358213721,353.8587453661355,355.7771431337431,354.7696812704134,354.86103287896105,354.76968127041334,355.4101320094776
21,0.0,5.0,328.1689511988213,330.8476000420124,330.76819225057375,331.80347603641565,329.50283178170616,331.00653006079705,330.76819225057375,331.4045239347712
22,2.0,5.0,330.4757051647133,331.190483342846,331.9883164202476,331.5889199675178,330.8724227964347,332.30852699159055,332.14834453047325,332.4688640270197
23,4.0,5.0,332.9960584140024,331.0761099683188,333.1570597567425,333.39885389418924,331.95333082423787,333.3988538941893,333.2376188245251,333.8834966157387
24,6.0,5.0,331.58393359298634,334.39997573514916,334.31885376392995,335.29492267688516,332.9457774019659,334.48113708417395,334.8875355011163,334.4811370841739
25,8.0,5.0,332.8854602273585,333.5299723192812,335.64198188598834,336.62580339831754,334.4202623796162,335.8873977485643,335.72374731649387,336.2972226882425
26,10.0,5.0,334.07572383073494,336.9344314899988,336.8520753448724,336.11267777388224,335.4581552083492,337.01682791508085,336.7697594501719,332.6243381454495
27,12.0,5.0,337.66193990995686,335.6879700392777,337.8274858280986,337.3313343328336,336.58983361318883,338.1590651167071,337.9103196738897,338.57445567054623
28,14.0,5.0,338.84500722254666,337.6826242763944,339.1785879095524,338.4289529422599,337.7653870898563,337.9310344827586,339.0117155069032,339.34562467296615
29,16.0,5.0,341.606246514222,341.183388005199,340.4248749459643,339.66972703185655,339.00129143349113,340.42487494596435,340.34080385256533,341.01453758119396
30,18.0,5.0,341.37882986793824,339.27774614946685,340.787907824985,340.9565338405158,340.2830290590903,341.7174206146265,341.6327099762949,343.6774263938028
31,20.0,5.0,342.5561994127608,342.811834393122,342.04607151167306,342.98246978487765,342.8971308607417,342.9824697848776,343.40980236415464,342.98246978487765
32,22.0,5.0,343.6827831291499,341.5533318876049,343.42584805158396,343.25477131915693,342.57216542895316,344.1118636661569,343.85428687271934,345.0596225470251
33,24.0,5.0,344.9516598354244,342.8065047728615,345.03802459862925,344.52048373488316,343.8328395446748,345.297378558677,346.7744472053596,345.9040567251279
34,26.0,5.0,346.11581144929124,343.9561982310824,346.20276020159827,345.6817219809679,344.989439098803,346.5509925031826,346.28975265017664,346.9872692652682
35,28.0,5.0,344.60124712832294,347.64374793069203,347.55607395614965,349.406563455718,346.07235344895236,346.33326527086246,347.46844419231314,348.34673533547135
36,30.0,5.0,348.5780229855984,346.4747568391446,348.7544483985766,352.5010790849359,347.43559442212234,349.01942162495834,349.46193955338606,349.461939553386
37,32.0,5.0,348.0717927670524,350.10558739937443,349.8389630170239,349.3069306930693,348.60006640001257,350.1055873993745,349.92779267770146,350.64005724735625
38,34.0,5.0,350.8911521323998,348.6717267552182,350.5341472720335,350.35591712215574,349.6448052771787,351.2488849241748,350.0889114695796,351.7868538608806
39,36.0,5.0,350.6233303650935,349.99999999999994,352.3264732199923,351.78685386088074,351.0699273977837,352.68714011516323,352.50671441360794,353.22952710495963
40,38.0,5.0,350.3893214682981,353.444683101978,353.44468310197794,354.5358073126025,351.9103705831657,353.62607050068954,353.3540591647704,354.08035456209655
41,40.0,5.0,352.64201637666326,359.1673182173573,353.9098613251155,355.73696437790403,354.8210607621009,353.2748013329915,354.7297297297297,355.3700361010831
42,0.0,10.0,330.5054259847713,332.41874208526804,330.1886792452831,330.188679245283,329.55700364679853,331.0611975256741,330.74338513229736,331.4593229511153
43,2.0,10.0,331.89836835450666,332.1383382539012,331.4194673239944,332.29851106154683,332.21840535165427,332.2985110615468,332.6996197718631,332.29851106154683
44,4.0,10.0,331.5689753691619,331.09102375446713,333.1721616149406,333.4139776816766,331.96832374815574,333.4139776816766,333.25272798718373,333.8986644053424
45,6.0,10.0,332.8301886792452,334.6892929783552,334.60803059273417,333.87844099209593,333.2325827414235,334.68929297835524,334.52680765846407,335.1776973824218
46,8.0,10.0,335.67774936061386,335.7595322207333,335.67774936061375,335.0249179530813,334.2935112189205,334.5369583687341,335.5960063314258,336.4152325155621
47,10.0,10.0,336.7954788452726,336.79547884527256,336.7131906056256,336.0563294418873,336.8778073150609,336.87780731506086,337.29005414996794,337.7860841324795
48,12.0,10.0,335.34591577570603,338.2264967097695,338.1435077980034,339.1420705353984,336.7389013607,338.3095263666631,338.0605596013798,337.8119590029568
49,14.0,10.0,339.0534182120122,339.13685440954816,339.0534182120122,338.5536619069553,337.8896074044561,338.1383223431989,339.6383352330489,338.8033557665714
50,16.0,10.0,341.6644715434557,340.5668391381574,340.4826979200445,339.72729373700025,339.0586317715621,340.56683913815743,340.39859826790376,341.07256106049584
51,18.0,10.0,341.4634146341464,339.36129280492503,340.787907824985,341.0409094424251,340.3670716082923,341.8869679820141,341.6327099762949,342.3966210655445
52,20.0,10.0,339.9105904115924,342.87047115534136,342.7851879488854,343.81139489194493,342.9557968084113,343.04116493979274,342.6999471573777,343.46864388298695
53,22.0,10.0,343.8006735686665,343.97229502059156,343.8864628820961,343.37236825713217,342.6892950391644,344.23004870738106,344.0581700162277,344.7467166979362
54,24.0,10.0,344.94626347324134,345.20547945205476,345.11903084941537,346.15928036546893,345.2919713744343,343.8274781307012,345.2054794520548,345.8118344494456
55,26.0,10.0,346.18101891828246,346.094081084899,345.9203363506581,347.1402257592216,344.6227904287077,345.22709837015225,346.6163640650789,346.96542934021494
56,28.0,10.0,347.37538597265115,345.20007514559467,347.4629687992437,346.9381332997671,346.2408140192199,347.81374219193634,349.22394678492236,348.34123222748815
57,30.0,10.0,348.3797576351256,346.1918892185955,347.1511563833305,347.9399744370631,347.23862616336754,348.90896719781006,348.64416159380187,349.43978700812977
58,32.0,10.0,349.71134936243106,350.51185858714314,350.0666793674986,351.8542158677475,348.64967427740186,348.7379009299678,351.584922507813,350.77951002227167
59,34.0,10.0,350.8241583402278,348.69378202289835,349.5782865115099,350.46728971962614,349.7557261595077,349.84451354953353,351.0922871154703,351.89913820619205
60,36.0,10.0,350.5062868587961,349.97222442663286,352.29832718209275,352.5687149230104,350.95258558945704,352.5687149230105,353.0202846576264,353.5636975867875
61,38.0,10.0,353.456014362657,351.2041284403669,353.3653846153846,352.91293213828425,352.28144171779144,353.818998716303,353.6374133949192,353.54669061056944
62,40.0,10.0,351.7868538608807,354.9581455247908,354.86674391657016,355.96667958155746,355.04959422903516,355.1410900657132,354.9581455247907,355.59927751257896
63,0.0,15.0,330.758268956724,331.47427128275285,331.15566569047087,332.67452211040876,329.72948723700154,331.15566569047087,330.91711314213677,332.0333087382734
64,2.0,15.0,333.24265505984766,334.61818623285177,332.1183275093384,333.80767833353525,330.7632305292211,331.00156118650176,332.0383086375136,332.8402366863905
65,4.0,15.0,330.6789040356324,333.4795299526625,333.3988538941893,334.36955038289483,333.56024506466986,333.64099925857556,334.12634673374447,334.0453574512566
66,6.0,15.0,334.6842129229088,334.68421292290884,334.35940982910523,334.6029530038392,333.22754681053635,333.46944331019455,335.9897603120667,335.33571591513953
67,8.0,15.0,334.00993698497336,335.8822812576164,335.5551497443389,335.06564551422315,334.4151904877457,335.88228125761634,335.7186358099878,336.3741762265071
68,10.0,15.0,336.81605718999174,334.7705948440774,336.48710514268276,336.40496750373785,335.7493071839693,335.9129825416654,337.06319361643585,337.8067837117382
69,12.0,15.0,337.9258555424438,336.85207534487233,338.6732609396839,337.5120540019287,336.9344314899988,337.01682791508085,338.17462386700004,338.59005266956376
70,14.0,15.0,339.0065033900651,337.0168279150809,338.4237587291842,338.59005266956376,337.92585554244386,339.5075985033951,339.2568659127626,340.93544646308465
71,16.0,15.0,340.2987838755479,340.4669260700388,339.71159179145866,341.4792789444341,340.55105949218506,340.63523450534507,340.5510594921851,340.6352345053451
72,18.0,15.0,341.4264036418816,341.59566227730437,341.5956622773044,342.61474874918423,340.3302978854762,341.76508881242444,342.3594075086172,341.7650888124245
73,20.0,15.0,344.0152271592612,345.3947368421052,342.9024632993283,343.84356287425146,341.3735447114194,342.9878048780488,342.6466931874689,343.4151507600299
74,22.0,15.0,344.0152271592611,344.96245306633284,344.27304521608795,345.91490963855426,342.4763916500994,341.627416955875,344.4451387153212,344.7898423817864
75,24.0,15.0,345.1892670402956,343.0411649397928,344.58509142053447,344.7574971074768,344.0689074056736,345.6221198156682,345.44884850383835,346.1429782424413
76,26.0,15.0,344.7628875650828,344.24617113952513,346.49653503464975,345.9746128379332,345.19467100834413,346.8453588787693,346.5836752015844,345.7142409181418
77,28.0,15.0,347.49582374633593,345.31900898925664,346.8835541012491,347.0582680139768,346.36046621218304,347.9344841733203,347.75888717156107,351.1258320328672
78,30.0,15.0,346.0506285409376,349.03047091412736,349.0304709141274,348.14873292808073,347.5341623717433,346.57278028385963,348.85376619678203,349.56166077458425
79,32.0,15.0,349.7890161489896,347.58346732242507,349.8778204436545,350.1445040810493,348.55047263760235,350.14450408104926,349.9666698409675,350.5898813877318
80,34.0,15.0,350.80183276059563,350.9805169998727,350.80183276059563,350.35591712215574,349.37888198757764,349.46747812856603,350.98051699987263,351.78685386088074
81,36.0,15.0,349.4785558056234,352.5179856115108,352.4278362049676,353.51268156603714,350.99169080895234,352.69842285421805,352.33773289444247,353.15032512252145
82,38.0,15.0,353.40502941035055,351.15379102766235,352.77177825773936,352.9524754694027,352.230795035223,353.8587453661354,355.3184975103533,354.04055811563717
83,40.0,15.0,354.7354365417719,355.74270364454765,355.55913891800367,356.2024457619178,353.0994283152113,351.6578154155304,355.7427036445477,356.1104022997786
84,0.0,20.0,328.364432398624,331.04628642635157,330.96678324302417,332.0033125047052,331.12582781456956,331.2054074352235,331.0462864263516,331.6038799909767
85,2.0,20.0,330.40637736753774,332.2384281581485,331.9983136593592,331.4393939393939,330.8029284685549,332.23842815814845,333.5249273959341,332.7197006277161
86,4.0,20.0,331.6986581623443,333.5451080050826,333.4644002177727,332.7397839077685,332.098319175854,333.6258548689705,333.3837314786817,333.1419592675409
87,6.0,20.0,334.38476236692856,334.6283424894527,334.38476236692856,333.6561450231516,334.7096147424026,334.7909264826455,334.62834248945273,335.1980785017178
88,8.0,20.0,333.10673011556764,335.86693271998905,335.866932719989,336.85207534487245,335.94880780071605,336.1126777738823,335.9488078007161,336.5230529737649
89,10.0,20.0,336.81605718999174,334.7705948440774,336.2408124675959,336.40496750373785,335.7493071839693,337.31069297843044,337.06319361643585,338.6368522898301
90,12.0,20.0,336.415232515562,338.31471707376943,338.2316848693091,337.4862250520387,336.82634730538916,336.99107470350896,338.14869341185135,338.8970859461453
91,14.0,20.0,339.05863177156215,339.225550376148,338.47570803591987,338.7252868795797,337.97765208994343,339.55988111554274,339.3090713241518,339.3926334097801
92,16.0,20.0,338.69927191176924,340.62471035313746,340.2882805024847,339.78487995808547,339.11599151056566,340.5405405405406,341.9771084711064,342.48703053648535
93,18.0,20.0,339.1159915105657,341.97710847110636,341.89226904828354,341.130604288499,340.45641231510353,342.061990009618,341.80747170981243,341.5533318876049
94,20.0,20.0,342.8544773218478,343.0251551780464,342.93979501376424,342.42852483965646,341.7491979355558,343.1960030506312,343.0251551780465,343.79531315777166
95,22.0,20.0,343.9293735962067,342.81716417910445,344.7036018009005,343.50074775672977,342.90246329932825,342.9878048780488,344.18706293706293,344.3590704647676
96,24.0,20.0,343.9937597503901,342.88113454002615,344.59586172407325,344.50971814261607,343.9079169006176,345.5462922334357,345.28656435953644,344.6820483961733
97,26.0,20.0,346.9599697885197,346.61091549295776,346.43665158371033,346.61091549295776,345.13523666416233,346.6109154929577,346.8726403221747,347.22222222222223
98,28.0,20.0,347.5889465138642,345.4109685605527,347.2386261633676,347.15115638333043,346.4529813810983,348.1157544086769,347.85215100411745,348.1157544086768
99,30.0,20.0,347.358969107894,349.03047091412736,348.9420961845832,350.0055556437404,347.5341623717433,346.57278028385963,348.85376619678203,350.094469936332
100,32.0,20.0,349.9666698409675,347.758887171561,349.3456700148928,349.52287353771044,348.81513588761976,350.3225191446094,350.1445040810494,353.6487570168404
101,34.0,20.0,349.473016879309,351.52326749246737,351.25448028673827,350.71813713794916,350.0055556437403,349.0304709141273,352.0620778847535,352.6025425761573
102,36.0,20.0,352.11829897318785,352.9298781951757,352.47853957191035,353.4730126160209,350.95258558945704,349.9722244266328,352.29832718209275,353.5636975867875
103,38.0,20.0,353.37671079201255,353.5580284129172,353.5580284129173,352.92422932872375,352.20266428137876,353.92122243266664,353.6487570168405,354.37626562952005
104,40.0,20.0,353.00898131693964,355.10105483533295,354.7354365417719,355.0095796235771,353.46168026545695,355.1010548353329,353.91554178771486,356.1104022997786
105,0.0,25.0,330.8575286968264,331.0959953151043,330.3816244886951,331.255164125291,329.8281303756001,331.25516412529106,331.0959953151043,331.65375648642544
106,2.0,25.0,333.4240609689713,331.49918816525343,332.2985110615469,333.26280152348704,330.9419463288708,330.1491285859735,332.86033452086224,332.45883842952776
107,4.0,25.0,331.7635376073906,333.6107118541494,333.28798802883955,332.8050713153724,332.1633550758478,333.6107118541493,334.90788134692207,334.095971151078
108,6.0,25.0,332.8301886792452,334.6892929783552,334.44562414682247,333.9593493472268,333.31317834144573,334.68929297835524,334.52680765846407,336.15879501173885
109,8.0,25.0,334.19724457782024,333.7116912599319,335.8260101433162,336.0716952949963,334.6029530038392,336.07169529499623,335.90786527123987,335.98976031206666
110,10.0,25.0,336.8417836574449,334.8773635052016,336.67720214374054,336.4306312079462,335.774870943672,337.3364950661669,337.7498659722754,337.74986597227536
111,12.0,25.0,335.3816201746114,338.1798104352627,338.096844429452,339.1785879095524,338.2628171693308,338.34586466165405,338.17981043526265,338.76171454908587
112,14.0,25.0,336.7440439828955,339.64879852125694,339.4814632343885,340.57209934511303,338.1486934118513,339.732528041415,339.4814632343885,340.15179563124764
113,16.0,25.0,340.35131046831106,338.3458646616541,340.4353867531264,339.9315511978541,339.2620857309905,340.772107687077,340.6036639995058,341.27843986998914
114,18.0,25.0,344.0528015728128,342.0036294262715,341.833966359197,341.15699410517846,340.48269792004453,342.00362942627146,342.4285248396565,343.4525941963521
115,20.0,25.0,342.8171641791045,340.6983930778739,342.1362959285005,342.39130434782606,341.7121249690057,343.3295964125561,343.07318894697534,343.75779496133686
116,22.0,25.0,342.47639165009946,344.44513871532115,344.10112359550556,343.586387434555,342.90246329932813,344.4451387153212,345.82810539523217,345.04882323485225
117,24.0,25.0,345.13523666416233,343.0731889469754,345.13523666416233,344.70360180090046,344.01522715926114,344.187062937063,346.0017574692443,345.5679538615848
118,26.0,25.0,346.33326527086246,345.20547945205476,353.62039932643734,345.8986305237893,345.20547945205476,346.8562709411524,346.5945708043194,347.2933171630625
119,28.0,25.0,347.4520185307743,345.36227798139265,347.4520185307743,347.0145730383054,346.31694675671423,347.9784111353091,348.41829156527507,347.97841113530905
120,30.0,25.0,346.0777851021753,349.0580971980371,348.9697084797266,350.03333650823885,349.1465307027267,349.2350090278438,348.9697084797266,349.6780741539535
121,32.0,25.0,349.91668650321355,347.79728386883073,349.5616607745843,349.56166077458425,348.765480916755,350.36148407086677,350.18342941540806,350.98610381548156
122,34.0,25.0,349.5672025111766,351.6185616329134,351.34962873259184,350.72371560362643,350.0111114638559,351.6185616329133,351.4392273118484,352.1576644200978
123,36.0,25.0,352.4729051440264,350.2334889926618,352.1126760563381,352.02273380376124,351.2153164919881,351.4840437402366,354.3762656295201,353.5580284129172
124,38.0,25.0,353.31442580397055,351.0643379133563,351.96092515443183,352.86210373025654,352.1407924365587,353.8587453661354,353.5863761004474,355.4101320094776
125,40.0,25.0,354.7411435374368,353.5580284129172,355.38149115172615,356.9462880823648,353.5580284129172,353.7395321975166,355.1982989142692,355.4731581492825
126,0.0,30.0,331.85840707964604,331.6986581623444,331.22033287267925,332.25845337833766,329.9515173280661,331.4593229511154,331.14074608037487,331.858407079646
127,2.0,30.0,332.4187420852681,332.41874208526804,332.17836697800544,331.6188413643747,330.9816871810267,332.4989444477954,332.17836697800544,332.9005374720695
128,4.0,30.0,331.7635376073906,333.6107118541494,333.3686104349666,332.8050713153724,332.1633550758478,333.69149048865756,333.44927185567167,334.095971151078
129,6.0,30.0,334.6232642840883,334.8671921272039,334.6232642840883,335.356116256787,334.94858045601615,335.0300083567576,335.43774245074917,335.4377424507492
130,8.0,30.0,333.2124399310907,335.97440195032755,335.89251439539345,337.62057877813504,336.0563294418873,336.13829689929565,336.54873469886144,336.5487346988614
131,10.0,30.0,336.84692942254816,334.88244942591575,336.68234288157333,336.43576441867555,335.77998416275807,337.34165595740774,337.2591006423983,337.75503951963725
132,12.0,30.0,338.1020286121717,336.04096499382786,337.43974290305306,337.6877957639707,337.0271303018723,338.6004514672686,338.3510564839111,339.0169277840132
133,14.0,30.0,339.9105904115925,339.5755690393323,339.40830588307733,340.078349116259,339.65926245417296,337.9931941506483,340.24627349319513,340.1622905803585
134,16.0,30.0,340.44589920948613,338.3562484655045,340.10982230997035,340.0259067357513,339.3560699335138,340.8669304971556,340.6983930778739,340.0259067357513
135,18.0,30.0,341.6644715434556,342.5987787635369,341.74919793555586,343.5382098621173,340.14654839953715,339.30907132415166,341.6644715434556,342.9397950137642
136,20.0,30.0,340.1465483995372,343.0251551780464,342.2584400465658,344.05280157281277,343.11055784641724,343.1960030506312,343.0251551780465,343.6238682229736
137,22.0,30.0,345.44884850383835,344.2407968276766,344.24079682767666,345.2757508377439,344.32680595896187,344.412858080035,344.3268059589619,343.8971895567547
138,24.0,30.0,345.0866237851542,342.9397950137642,344.48280710525086,344.65511043031086,343.96692925668816,345.6058682465791,345.3460508386975,346.03976710974405
139,26.0,30.0,343.7202849526898,346.74718120488745,346.57278028385963,345.87692742074626,345.1838632414408,344.23542268363127,346.57278028385963,347.27143869596034
140,28.0,30.0,347.4465436553582,345.27034433083315,347.4465436553582,347.0091119399462,346.31150759372395,347.88507959547513,347.70953244500515,348.41278619621727
141,30.0,30.0,346.0180462926638,349.0857278556162,348.90896719780994,350.06112178316846,347.50130017493257,349.17417536303026,349.5284140445431,349.6170860486135
142,32.0,30.0,347.1894189891355,350.27799841143764,350.1889908839691,351.2600758275719,350.27799841143764,348.85928551086914,350.2779984114376,350.9023202520768
143,34.0,30.0,348.46784771718,351.4896465974846,351.40002231111254,350.6846700701369,349.97222442663286,351.5793166127206,351.31044371863294,353.1107374489551
144,36.0,30.0,352.28707002604216,350.0500071438778,352.28707002604216,351.8373729476153,351.1202407681651,352.73791812640974,352.4672708962739,353.28046142754147
145,38.0,30.0,354.5529095849882,354.37057036787036,353.8246762624561,355.0095796235771,354.0064539952157,354.0974129209423,354.46171652707886,354.55290958498813
146,40.0,30.0,354.95814552479084,352.77742224497626,354.775389368001,354.5016077170418,353.7735849056604,355.4158607350097,355.2326330712721,355.96667958155746
147,0.0,35.0,329.5373027259685,329.0651862464183,331.12085535800094,330.64419385796543,330.01077586206895,331.3597018514066,331.28004807692315,332.80004829751266
148,2.0,35.0,331.9583283150669,331.7186183656276,332.2784810126583,333.9694656488549,329.41914664754387,330.8426359380626,333.00108735048934,332.9206425896847
149,4.0,35.0,331.9683237481558,333.81778544826955,333.57538349823,333.01114567916153,332.3686352536854,333.89866440534234,333.6561450231517,334.3036477758573
150,6.0,35.0,332.05330923876215,334.7960097781691,334.7146955690149,335.6930806120119,334.8773635052016,334.9587567789272,334.79600977816915,335.611330116741
151,8.0,35.0,334.1162209258277,336.0716952949963,335.8260101433162,335.2541393623329,334.6029530038392,336.15367024925683,336.56414561550787,336.5641456155079
152,10.0,35.0,336.9807745208914,335.91298254166543,339.80582524271847,336.5692829013646,335.99488007801784,337.393273556324,337.22815281558746,337.9724717206707
153,12.0,35.0,337.0271303018724,337.6050709659639,338.8502143746254,338.93355057872327,338.35105648391107,336.9447288397182,339.1003460207612,338.5172789658719
154,14.0,35.0,339.3874095736494,337.3106929784305,339.47101025341016,338.97002305918517,338.30433581883455,339.80582524271836,341.1517158152056,341.2361880590547
155,16.0,35.0,340.4669260700389,340.6352345053451,340.5510594921851,341.6485900216919,340.7194511403671,340.8037094281298,340.63523450534507,340.80370942812976
156,18.0,35.0,341.6221240994656,339.51805373777813,341.7068294875172,341.19922630560933,340.52476333142874,341.9611978722414,341.87636634262066,340.10457637314335
157,20.0,35.0,343.1586155378486,341.03563474387533,343.1586155378486,344.2730452160879,342.0513775130305,342.1362959285005,343.329596412556,344.1011235955056
158,22.0,35.0,344.0635386271787,342.0142389601527,342.86513971171337,343.7202849526897,343.0358281864995,343.12123617011343,344.40747856239165,345.0974254636513
159,24.0,35.0,343.77387318563797,345.75760901949104,345.4975634979082,344.89230913612687,344.20318134278267,345.8443778722337,345.5842018650576,346.27887620333865
160,26.0,35.0,346.5618860510806,344.39672003123775,346.3006297802836,346.03976710974405,345.3460508386976,346.9981902588717,346.7362760052207,347.43559442212234
161,28.0,35.0,345.1730561512813,348.13773939403507,348.0498161097343,347.3480253934248,346.64905909541096,348.22570711138485,347.96193722482604,348.7544483985765
162,30.0,35.0,348.89240506329116,346.78535480624055,348.27520849128126,348.53945371775416,347.8356890459364,349.42317444219066,349.1575880415505,350.93582887700535
163,32.0,35.0,349.9722244266328,347.8521510041174,349.7945650966892,349.52841404454307,348.90896719781,348.9973251452177,350.41716328963054,351.3104437186329
164,34.0,35.0,349.6226295427158,349.002849002849,351.31604104263596,350.77951002227167,350.0666793674985,351.7644055899432,351.4952496333609,352.21391604370325
165,36.0,35.0,352.41657077100115,352.59690418319053,352.5969041831905,351.9665432256416,351.24888492417483,352.95812524010756,352.6871401151631,353.4106936786768
166,38.0,35.0,352.0002554196865,354.08035456209655,353.80764417059777,353.1729506358714,352.45036923372015,354.0803545620965,354.53580731260246,354.62703850236414
167,40.0,35.0,354.97528856834685,354.9752885683468,354.7925147629085,355.9839201821088,353.3370723499719,353.97235644454435,355.43304801973017,355.524741619774
168,0.0,40.0,333.3736506304618,331.36966126656847,331.29000270440815,330.57479535846005,329.94164297471195,331.29000270440815,332.6494282352232,331.9283456269758
169,2.0,40.0,331.44935814568737,332.569153268378,332.48891703609877,333.4543144905181,332.6494282352231,332.72974196468994,332.56915326837805,333.1318930352017
170,4.0,40.0,334.8010932280596,332.8603345208622,333.666242963501,335.3714181419966,333.82789317507417,333.9087770307105,334.3949044585988,334.31378494754074
171,6.0,40.0,333.0614464382817,334.9231423537274,334.6791330216745,334.1111582520153,333.46440021777266,335.0045578851413,334.76042995081076,336.3947031183254
172,8.0,40.0,334.35433978285926,336.2305580969808,335.98464070213925,335.41222999695765,334.7604299508107,336.23055809698076,336.06657318783147,336.72347443650347
173,10.0,40.0,338.4237587291842,337.34681700656336,337.2642591657872,338.2576280546735,335.86693271998905,337.429415275376,337.1817417233734,337.84301408062265
174,12.0,40.0,338.08647654093835,340.00493431197185,335.0452804959582,339.41875500277075,338.58485351022654,338.66805922467273,339.0847019745341,339.084701974534
175,14.0,40.0,336.7800467368229,339.6854251074515,339.601718800536,338.85021437462535,338.1849971626202,339.7691726890303,339.5180537377781,339.2673057098457
176,16.0,40.0,340.76157507572475,340.93017502628487,340.1727861771059,341.0989418971598,339.66972703185655,341.0989418971599,340.9301750262849,341.0989418971598
177,18.0,40.0,341.9081732334745,339.80058867947787,341.23090731828097,341.48456737544717,340.80897695482156,342.33283134868265,342.16284158093197,342.8438155951177
178,20.0,40.0,344.37520498524106,342.3222020399609,343.17463776010453,344.20318134278267,343.3456346055028,343.43119694727824,343.3456346055029,343.85964912280696
179,22.0,40.0,344.10112359550567,341.96650124069475,342.8171641791045,343.67206982543644,342.9878048780488,344.61740435108777,344.3590704647677,345.04882323485225
180,24.0,40.0,343.8006735686665,345.78471960858104,345.4380248151398,345.00563274502434,344.230048707381,344.488188976378,344.66049768663254,346.48020113136386
181,26.0,40.0,346.6000188625861,346.77444720535965,346.68721109399075,347.8247152727388,345.4704979162097,346.94905120055375,346.86172722982536,346.42576590730556
182,28.0,40.0,346.12667765481524,348.13773939403507,347.87410270568745,348.13773939403507,346.56188605108065,348.1377393940351,347.96193722482604,348.66621337423504
183,30.0,40.0,348.9255309048328,346.7308236626096,347.6053851246965,348.4843695672788,347.78082710324594,349.45640115376085,349.1907642606024,349.90002856326754
184,32.0,40.0,350.27243411542315,348.14873292808085,350.36148407086677,349.9166865032135,349.11889041941765,350.7181371379491,350.53971988617394,351.16497587233835
185,34.0,40.0,351.36082605647266,351.6297761051221,351.5400803520183,351.80930499712804,351.7195176418044,350.2001143510577,352.25893028308514,351.80930499712804
186,36.0,40.0,352.4503692337202,350.30025736345436,352.6307372461219,352.0002554196864,351.2824597737773,352.9016356710732,352.7209904981284,353.444683101978
187,38.0,40.0,352.0564567633159,351.4280249904373,353.77358490566036,353.22952710495963,352.5067144136079,354.1372221508416,353.95531013227173,354.77538936800096
188,40.0,40.0,354.8781665432775,352.6984228542179,354.23962985573365,354.42183431382,353.694138782843,355.33567537950813,355.152530361112,354.51300684909484
189,0.0,45.0,329.5373027259685,331.43939393939394,331.12085535800094,330.64419385796543,330.01077586206895,331.3597018514066,331.20043258832015,330.4063773675377
190,2.0,45.0,333.02120461547764,332.77995774222757,332.4588384295277,332.6996197718632,332.619320581669,332.6996197718631,332.53906014357244,333.1822302810517
191,4.0,45.0,334.8112605909685,336.1178012865461,333.7571519389701,334.64865685232957,332.30852699159055,333.7571519389701,334.16179189525053,334.2428376534788
192,6.0,45.0,333.3686104349666,335.2337514253135,334.9892894580921,335.2337514253135,333.8531651702575,335.23375142531347,335.07073715562166,335.72374731649387
193,8.0,45.0,334.3949044585988,336.27157933264203,336.0256019506248,335.45305178604025,334.80109322805953,336.3536518396486,336.10755441741355,336.7646160425193
194,10.0,45.0,337.0889578524147,337.25394227680823,336.51278138115214,336.75947279197277,336.02048124838086,337.41908827985117,337.2539422768082,337.4190882798512
195,12.0,45.0,338.17462386700004,336.11267777388235,337.59473321595345,337.76021322549514,337.0992646496767,338.5900526695637,338.4237587291842,338.673260939684
196,14.0,45.0,339.4344298887025,337.3571395786478,339.5180537377781,339.0169277840132,338.35105648391107,339.8529615758081,339.6854251074516,340.3565640194489
197,16.0,45.0,338.0709259003726,340.9987164220651,340.9143616939037,341.9293811155737,339.4866899662822,341.0831129054712,340.83004869000695,341.59037040479615
198,18.0,45.0,341.84456536905265,342.0142389601527,342.0142389601526,341.5057227376214,340.7457773794254,342.2690653958989,342.09913893414006,341.2520312620909
199,20.0,45.0,340.36707160829235,343.24942791762004,343.1639561123647,344.27842053491963,343.3349423103872,343.42049932250376,343.2494279176201,343.84892478987007
200,22.0,45.0,344.1978083731385,342.06199000961806,343.59709539688976,343.76851361042685,342.99847556233084,344.54201693802935,344.3698266437608,343.51145038167937
201,24.0,45.0,342.7958460294758,345.8064111410827,345.7196613358419,344.9408672798948,344.3375601224311,344.4236176194939,344.59586172407325,346.4148809149751
202,26.0,45.0,346.6054670921294,344.43975818923093,346.6926620650619,346.17014930059497,345.4759106933019,346.9545104086353,346.77990092002835,347.5670307845084
203,28.0,45.0,347.77534186079515,348.03882882171894,347.2495629852439,348.21470871563247,346.638160066655,348.2147087156325,348.0388288217189,348.6551871353351
204,30.0,45.0,349.080201374157,349.2571356163081,349.1686460807601,348.6386490845271,347.84666351159495,349.4342493106399,349.2571356163082,348.37425348374256
205,32.0,45.0,350.22792611064347,348.0168563266466,348.8979256000885,349.7834673773378,349.07467506767773,350.762769832811,350.4951439334933,351.20972237707656
206,34.0,45.0,351.4616340973573,349.2350090278437,350.83532219570407,351.01404056162244,350.30025736345436,351.91037058316573,351.6409912926993,352.45036923372015
207,36.0,45.0,352.9129321382842,353.00332991803276,352.9129321382842,352.1914132379248,351.38322284548696,351.5624999999999,353.0033299180327,352.1914132379248
208,38.0,45.0,353.7622332745066,351.5064562410329,353.4900125044086,353.21821036106746,352.5856279382135,352.67585809794946,355.6795818950222,354.76397335650154
209,40.0,45.0,354.82106076210096,352.6420163766633,353.5466906105695,356.3809154383242,355.3700361010831,355.4616971885479,355.92071280991735,355.92071280991735
210,0.0,50.0,328.78550659807644,331.47427128275285,331.3945624239146,332.3536061496721,330.12441423502463,329.2568203198494,331.9533308242378,332.4337770809148
211,2.0,50.0,333.6561450231517,331.6487681617183,332.4488134366613,333.49466106052813,332.609285908227,332.68958025287424,333.0111456791616,333.49466106052813
212,4.0,50.0,332.0133106470119,331.45434047350625,333.4593572778828,333.05641567857407,332.4137307222649,332.5741693187132,335.1624131693748,334.430406624907
213,6.0,50.0,335.00964767012573,335.09110526875673,335.0096476701256,334.3594098291052,335.09110526875673,333.79251880894344,335.0911052687567,336.64636101314517
214,8.0,50.0,334.45576993083364,333.8885523924893,336.0051200780202,335.51430310407795,334.8621066699064,336.415232515562,336.1690450054885,337.73434628109294
215,10.0,50.0,337.0992646496767,337.0168279150809,337.59473321595345,340.85112303102443,337.5120540019287,336.6874837763967,338.0087376408369,338.3406729987264
216,12.0,50.0,336.89839572192517,338.8033557665714,338.47051238756023,337.9724717206707,337.3106929784305,338.80335576657137,340.1413013297134,340.56157909368915
217,14.0,50.0,339.3821858983239,337.3881110856093,339.13163844414703,339.0482048127931,338.29914543027655,339.8005886794779,339.63310383069177,341.5692045542561
218,16.0,50.0,339.1472868217055,341.07783690137364,340.8247805119327,340.2357733613134,339.56511026241225,341.16227255848503,340.90909090909093,341.5850786962448
219,18.0,50.0,341.8657653607033,339.75870198308144,341.1886672752875,341.4422645132318,340.7668413000139,342.29031807386013,343.656001122142,342.80117531831536
220,20.0,50.0,340.36707160829235,343.3349423103872,343.2494279176201,344.27842053491963,341.8021732727751,340.87219997835734,343.1639561123647,342.90779590376803
221,22.0,50.0,344.1118636661569,341.97710847110636,342.91312867406924,343.68278312915,342.99847556233084,344.62817667468977,344.3698266437608,345.1460413862192
222,24.0,50.0,343.7899529140291,343.2761465890339,345.513804882635,344.994836811966,344.30529964710655,345.77387486278803,347.2550316545403,345.08122319947415
223,26.0,50.0,346.6218128085013,344.54201693802935,346.4475379442541,346.1864539831067,345.4921500423052,347.14569098523253,347.583467322425,347.58346732242507
224,28.0,50.0,347.808255911163,348.07179276705244,347.2823775849307,348.2477059873335,346.6708592091817,348.2477059873336,348.0717927670524,348.7765141329622
225,30.0,50.0,348.90896719780994,346.80171749422,348.5559823587992,348.46784771717995,347.76437189496096,349.3512049051761,349.1741753630304,349.97222442663286
226,32.0,50.0,350.1889908839691,349.0359958210657,350.9916908089523,349.744630904419,349.1244181259698,349.0359958210656,350.4561492736578,350.6344814426104
227,34.0,50.0,351.36642498605687,349.14100229593856,351.00845285661984,350.91907376462154,350.2056763496021,351.81491822895885,351.6353836094853,352.4447357064079
228,36.0,50.0,352.7209904981284,350.47843087389134,352.7209904981284,352.2701856407961,351.64099129269925,351.7307385547934,351.55128981856444,354.08035456209655
229,38.0,50.0,352.0620778847535,358.5657370517927,353.32574871408656,355.23835607610636,354.2339389850113,354.3250148639745,354.1429099143954,354.32501486397456
230,40.0,50.0,354.9524315448882,352.7717782577394,355.1353701943983,354.4959084259095,353.76790899902124,355.41013200947754,355.2269102508336,355.96093308580197
231,0.0,55.0,329.80839702648933,331.6338040878942,331.3148918906736,330.9171131421367,330.20351318567765,331.7136280896002,331.4742712827528,332.19338023713027
232,2.0,55.0,332.3836657169991,332.54407528616895,331.82344885705265,331.9833180264683,331.3447638511127,332.7849801536394,332.5440752861689,333.1872648423216
233,4.0,55.0,335.0656455142232,336.45629882812494,333.92900411921494,333.2023694390715,332.55912162162156,334.00993698497325,333.76725599418745,335.3918228279386
234,6.0,55.0,333.28295042321645,335.1471303501946,334.902794653706,334.4151904877457,333.7672559941875,335.22865482850887,334.9842002916869,335.6368728689722
235,8.0,55.0,335.96928280842894,334.907881346922,336.5435980402631,335.39692438738723,334.907881346922,335.07073715562177,336.37930771460395,338.1123974545733
236,10.0,55.0,337.15080809161947,335.1827924298852,336.00000000000006,336.82120216909806,336.16391993048035,337.7291733676423,337.39843618502596,338.1435077980033
237,12.0,55.0,335.8311249200403,338.6368522898301,338.55366190695526,339.63833523304885,338.7200835663154,338.80335576657137,338.63685228983013,339.220331682102
238,14.0,55.0,339.3874095736494,339.55465212972376,339.3874095736494,338.97002305918517,338.30433581883455,339.80582524271836,341.1517158152056,339.8058252427184
239,16.0,55.0,339.13685440954816,338.6368522898301,340.8142446443476,340.30928789702745,339.63833523304885,341.0672853828306,340.8985498283912,341.57449577098237
240,18.0,55.0,341.64329650919575,341.8127703111193,341.7280123982952,341.30485256559086,340.3775798459425,340.4616691114027,341.89757027894507,342.6626676405228
241,20.0,55.0,343.16929685311425,341.130604288499,342.5721654289532,342.82782424826644,342.1469136951867,343.7685136104269,343.42584805158396,344.19780837313846
242,22.0,55.0,341.796875,344.7898423817864,344.7036018009005,345.7413447064726,343.24408468244087,344.87612612612617,344.61740435108777,346.3495853229454
243,24.0,55.0,345.49215004230524,343.4258480515839,345.49215004230524,345.0596225470251,344.36982664376075,345.92576323303314,345.75218741179793,346.44753794425407
244,26.0,55.0,345.1730561512813,347.173019696755,346.910841553783,346.38767142655166,345.6925609469311,347.1730196967549,346.9981902588716,347.6985666303988
245,28.0,55.0,348.0223491903153,348.2862107092086,348.1982124245965,348.4623407819463,346.88355410124905,346.01261651445253,348.28621070920855,348.99180146244186
246,30.0,55.0,347.61634506242905,349.6448052771787,349.29033075655815,348.84824705733445,348.14323607427053,348.3192215341843,349.4674781285659,350.26686999618755
247,32.0,55.0,347.53964000882644,350.54529267749837,350.4561492736578,349.744630904419,349.0359958210657,350.6344814426105,350.36705119649156,351.17056856187287
248,34.0,55.0,349.67807415395356,349.058097198037,350.92465862431163,352.72099049812834,350.12226491790784,350.3002573634543,351.7307385547934,353.53535353535347
249,36.0,55.0,353.08811990584326,353.0881199058432,352.7266328603651,352.997678700072,351.4672362401772,353.08811990584314,351.9159870405542,353.8133213523531
250,38.0,55.0,353.9439468361745,354.1258471718113,354.03487363925376,355.2211876147823,354.2168674698795,354.3079345695279,354.12584717181124,355.31277192303975
251,40.0,55.0,353.43901774408135,355.53620664635037,355.2612499395814,354.7126103952512,355.6279534861216,355.7197476890315,356.17943043597654,356.1794304359765
252,0.0,60.0,331.3148918906736,331.47427128275285,331.3945624239146,330.9171131421367,330.282650050179,331.63380408789425,331.55401849484997,331.1556656904708
253,2.0,60.0,332.89551157208217,332.8955115720821,332.5741693187132,332.8151178059862,331.45434047350625,331.69366848684507,331.85341259688465,333.7824132241413
254,4.0,60.0,332.1183275093384,333.9694656488549,333.24265505984766,335.59600633142577,334.05041813113564,334.13140986786277,333.96946564885496,334.536958368734
255,6.0,60.0,332.26846689370427,335.09619768396095,335.0147376097724,334.2833752766744,333.63595097594185,335.1776973824218,334.9333171309657,335.5857912519404
256,8.0,60.0,334.6486568523296,336.5281890052196,336.1997987375355,335.70841326390786,335.05546269563894,336.44603131007966,337.84819048202735,338.1798104352627
257,10.0,60.0,337.15080809161947,335.1012902539475,336.00000000000006,336.7389013607,336.08193997774697,337.6464282979864,337.39843618502596,337.64642829798635
258,12.0,60.0,336.91898664547875,338.82418021451184,338.4081770465638,338.6576562739978,337.4139250191279,337.4965561575903,338.8241802145119,339.65926245417296
259,14.0,60.0,339.4239798038884,337.4294152753761,339.4239798038884,339.00650339006506,338.3406729987264,339.84248570503837,339.67495956250485,340.3460570793523
260,16.0,60.0,340.81951249671556,338.7252868795797,339.64356679656817,340.3145401509422,339.72729373700025,339.8948715181971,341.0725610604959,341.41054424401943
261,18.0,60.0,342.1203705140339,342.2903180738602,341.52688072115615,341.78098116717035,341.0198116271516,342.54555622873653,342.37535518531746,342.9718000964365
262,20.0,60.0,343.14793488748484,341.1094953745243,342.55087773807674,342.8065047728615,342.12567882079134,343.747076980638,343.4900457986728,344.17631817188516
263,22.0,60.0,342.8384849804093,344.81140927003196,344.5527845490343,344.03669724770646,343.2654586213339,344.8114092700319,344.6389496717724,345.3298252208232
264,24.0,60.0,345.51380488263504,343.3616742969261,344.3052996471066,345.08122319947415,344.39134101771157,346.0343366498227,345.77387486278815,347.51773049645385
265,26.0,60.0,344.14945919370706,347.1839523862008,347.09651014529254,348.94209618458325,345.6167024561513,347.2714386959603,347.00911193994614,347.7972838688306
266,28.0,60.0,347.85763866977976,348.0333354378432,347.85763866977976,347.4191718661373,346.45842498900123,346.6327108092812,348.0333354378433,348.3852619604372
267,30.0,60.0,347.6492290227982,349.76682211858764,349.3235322074713,348.8813645137812,348.1762198010422,348.264206968443,349.7668221185877,350.30025736345436
268,32.0,60.0,350.3280850320142,348.2037110146072,350.0611217831685,349.97222442663286,349.1741753630303,350.77392978158156,350.5954557740925,349.70580305457315
269,34.0,60.0,348.96418567110317,352.08456416561546,351.9946362722092,351.1873476993646,350.4728602082174,352.0845641656155,353.5296852703982,352.6250979514161
270,36.0,60.0,351.03080474408983,350.49514393349335,352.8282262581007,352.2870700260421,351.5681053588227,353.1899216735276,353.00898131693964,353.73385738349236
271,38.0,60.0,353.81332135235317,351.5568948199168,352.5461667599328,353.3597217993301,352.6363767212013,354.3591803937324,354.08604049909263,355.9149677981696
272,40.0,60.0,356.6576086956522,354.3648752892774,355.278422273782,356.4730988101397,355.4616971885478,355.5534055727554,355.37003610108303,355.55340557275537
273,0.0,65.0,331.5390629698683,331.53906296986827,331.29995793016406,330.8227810118226,330.188679245283,331.5390629698682,331.3796212804328,332.0983191758539
274,2.0,65.0,331.17058664503924,333.01114567916153,332.7699133741812,332.20839485340645,331.5689753691618,333.0916341883441,332.9306960591877,333.9795825633879
275,4.0,65.0,331.1755605953651,333.9037206414586,333.8228392351597,334.8773635052016,332.53404515224184,334.06560109082653,334.3898333358609,334.4709897610921
276,6.0,65.0,333.49970506828805,333.0161750713605,335.1216620818578,334.63342084895214,333.9846412505112,335.5296194287627,335.20317416883296,336.84178365744486
277,8.0,65.0,336.6926248282181,336.4460313100796,336.1997987375355,336.36391371998656,334.9740224227508,333.9188902686495,336.6926248282181,337.351978213641
278,10.0,65.0,337.2694178469822,337.4345790101919,337.35197821364096,336.8572214244248,336.19979873753545,337.76538708985635,337.5172202663401,339.0951311782979
279,12.0,65.0,338.5588601084003,336.4922400769125,337.9776520899434,338.1435077980033,337.4810597364434,338.97523405432827,338.80856163857345,339.47623666343344
280,14.0,65.0,339.873915255021,337.7912587894664,339.4553319888542,340.04163775156144,338.7877391103941,338.8710445834422,340.20952586672433,340.79844206426486
281,16.0,65.0,340.787907824985,338.6940693977236,339.61217983273525,340.3670716082923,339.6958912973148,341.2942869967651,341.0409094424252,342.7372347866635
282,18.0,65.0,340.4984712313537,342.52959269270207,342.1893913529283,341.6803545417919,341.0039899786583,342.529592692702,343.89718955675477,343.0411649397927
283,20.0,65.0,343.1906614785993,343.2761465890339,343.1906614785993,342.76387377584325,341.8286671007348,343.53285763250545,343.7899529140291,344.1333458188969
284,22.0,65.0,341.855165036201,344.8491578173629,344.5043355987814,343.98839331679693,343.30286942035525,344.8491578173629,344.59047648814646,345.28115751397564
285,24.0,65.0,345.6112852664577,343.45794392523356,345.0056327450244,345.1784596117721,344.48818897637796,346.04519774011305,345.8715020705233,346.56733308185585
286,26.0,65.0,347.1129022101883,347.1129022101882,347.0254957507083,346.32782559527544,345.63295504420336,344.68204839617323,347.0254957507083,347.6382670114144
287,28.0,65.0,347.96193722482604,348.2257071113848,348.137739394035,348.40177598002816,346.8235368136276,348.4017759800281,348.22570711138485,348.84272809251854
288,30.0,65.0,349.29586389342114,349.47301687930894,348.67724031056787,350.5397198861739,349.56166077458425,349.65034965034965,349.5616607745842,350.183429415408
289,32.0,65.0,350.461719408109,350.64005724735625,350.461719408109,350.0166674603552,349.3069306930692,350.9079045785126,350.72929424676704,352.523621480759
290,34.0,65.0,350.1167055685228,352.17453802047555,351.81491822895896,351.3664249860568,350.5620121146599,352.1745380204756,351.9946362722092,351.0978774899288
291,36.0,65.0,352.88469232615824,350.64005724735625,352.1632887738968,352.43346919204026,351.7139074537826,353.4276875731298,353.1559812290789,353.42768757312984
292,38.0,65.0,353.818998716303,351.6522071957132,353.5466906105695,353.36538461538464,352.64201637666326,354.27377892030853,354.0917266187051,354.8210607621009
293,40.0,65.0,353.5353535353535,355.63368923583107,355.2669738665292,354.7183166564781,353.98940439877987,355.633689235831,357.1081527548343,357.5714332046832
294,0.0,70.0,329.0750082082202,331.8484182644553,331.76852938521256,330.97175107321914,330.3370786516854,330.65411030801073,330.73346332683366,332.2484404665039
295,2.0,70.0,332.63437372716436,332.7950254312752,332.7146801865013,332.95583238958096,331.5939064920221,332.955832389581,332.79502543127523,332.95583238958096
296,4.0,70.0,332.3936867811327,334.24790431869513,334.16685610365994,333.43918704350585,332.7950254312752,334.24790431869513,335.55004337041373,334.81634450400105
297,6.0,70.0,332.5089724643363,335.34081576786207,335.25923673407334,334.526807658464,333.87844099209593,335.4224345127627,335.17769738242185,335.8311249200402
298,8.0,70.0,333.63090284607586,336.3998352327338,336.317740188826,337.30553303452604,334.92822966507174,334.1162209258277,336.2356852041049,335.98976031206666
299,10.0,70.0,334.9536685401792,337.7446925834023,337.66193990995686,338.7408977785971,337.82748582809865,337.9103196738897,337.8274858280986,337.41392501912776
300,12.0,70.0,338.48609981118466,338.6524550383192,338.48609981118466,338.0709259003725,337.40876191642053,338.902294698984,338.7356939857131,339.40308156448657
301,14.0,70.0,338.27838546860386,340.19902800277714,339.77964404037294,339.36129280492503,338.6940693977237,338.86062915891875,340.0311502459636,340.4511556811339
302,16.0,70.0,340.8880093995424,338.87625253580876,341.056734517107,341.31013559531914,339.87915407854985,341.31013559531914,341.14115972523047,341.31013559531914
303,18.0,70.0,342.8917985880011,341.44755179782584,342.29563165574837,342.5508777380767,341.1094953745243,342.55087773807674,342.9771348576761,342.5508777380767
304,20.0,70.0,343.2868352223191,343.28683522231916,343.2868352223191,342.85980843388484,342.09383145091226,342.34877654949696,345.26493799323555,344.316052467208
305,22.0,70.0,342.86513971171337,344.8383716747728,344.5797065212295,344.0635386271786,343.29217978857554,344.92467971279734,344.66588511137167,347.97291965849735
306,24.0,70.0,345.3839165439679,343.318905116308,345.297378558677,346.42576590730545,344.2622950819672,344.34831495767867,345.7305026811753,345.9908991056017
307,26.0,70.0,344.1333458188968,347.1675536102276,346.9927296761402,346.29519112981757,345.60045139650794,347.1675536102277,347.6053851246965,347.6930839824655
308,28.0,70.0,348.0443223790131,345.8606518806663,347.4301200642865,347.60538512469657,346.90538371983257,348.3962711328805,348.2202078266638,347.86861452055666
309,30.0,70.0,349.30139720558884,347.10197399489977,349.38995404848686,348.8592855108692,348.15422995547414,349.8334126606378,349.5672025111766,350.27799841143764
310,32.0,70.0,350.4840017166564,350.66236223978626,350.6623622397863,350.1278244438446,349.3290663962865,350.93024366177013,350.75161059413034,351.4672362401772
311,34.0,70.0,351.6578154155304,353.73385738349236,352.0171139386006,351.20972237707656,350.49514393349335,350.6735158001876,351.927220493177,353.73385738349236
312,36.0,70.0,352.8451641810152,350.6902474712132,352.2139160437033,352.39404206354277,351.67464114832535,353.388037694724,353.11639228748953,354.9352907089048
313,38.0,70.0,351.383222845487,354.45601851851853,354.36487528927745,355.55340557275537,354.54720864419863,354.6384457025219,354.5472086441986,354.63844570252184
314,40.0,70.0,355.1982989142692,355.3814911517262,355.2898714189037,354.74114353743676,354.012137559002,355.56487244815685,355.47315814928254,355.5648724481568
315,0.0,75.0,331.4643055785218,329.5619292450715,331.62382878885865,331.1457191343656,330.4311339557328,331.9433362939769,331.70364798796544,330.03547320052087
316,2.0,75.0,331.1308004204836,332.97091600978524,332.72974196468994,332.1683588924708,331.5290933694181,333.0513850708395,332.8100944848612,333.4543144905182
317,4.0,75.0,335.1726024898536,333.22754681053635,334.03523655148376,335.0096476701257,334.1972445778202,334.2783075360429,334.1162209258277,335.5806839453939
318,6.0,75.0,335.080920902667,335.243945083849,335.24394508384904,336.2254311462161,334.0251162649781,335.4887790034234,335.3255166750309,335.97952124822865
319,8.0,75.0,336.3639137199866,336.5281890052196,336.44603131007966,335.95392631867634,335.30002128889026,336.6926248282181,336.6103868347938,336.69262482821813
320,10.0,75.0,335.88228125761646,337.77573529411774,337.6929674099486,337.03228173147477,337.8585437607257,337.94139283962727,338.35624846550456,338.3562484655045
321,12.0,75.0,338.5744556705463,336.58983361318883,338.07610928827694,338.2420616658996,337.49655615759013,338.9908680011069,338.8241802145118,339.91059041159247
322,14.0,75.0,338.19537109464875,340.1150684086317,340.0311502459636,339.27774614946685,338.6108509037301,340.1990280027772,339.94727348411266,340.70365734946455
323,16.0,75.0,340.89327953248926,338.79815005454566,340.3040358052319,340.4721831910196,339.80058867947787,341.31541878860116,341.1464376885589,342.24781535691557
324,18.0,75.0,342.2478153569156,340.2200243785777,341.653883698229,341.90817323347443,341.230907318281,342.7585456467333,342.50299010546917,343.2708025219895
325,20.0,75.0,343.53820986211736,341.41054424401943,343.62386822297367,343.11055784641724,342.42852483965646,343.96692925668833,343.7953131577717,345.43261322513433
326,22.0,75.0,343.0144828337197,349.1852344529432,344.213927785323,346.02890636034084,345.07582278282916,345.1622497378019,344.9894390988031,345.16224973780186
327,24.0,75.0,345.9203363506581,343.8489247898701,345.9203363506581,345.48673675634177,344.79523385091704,346.4420946784608,346.35502568210734,346.8780971258672
328,26.0,75.0,347.1129022101883,344.9408672798949,346.7635402906209,346.6763096660588,345.9800414234607,347.4629687992436,348.95866303728565,347.2003527114694
329,28.0,75.0,348.3357292933761,347.19488576422236,347.72049895131903,347.8960571780186,347.19488576422236,348.8648049996045,348.6000664000126,349.3069306930693
330,30.0,75.0,349.4010268111808,347.2003527114694,349.13547406422185,348.9586630372856,348.2532061406279,349.84451354953353,349.5782865115099,350.3781859785164
331,32.0,75.0,350.4840017166563,350.66236223978626,350.6623622397863,350.03889321035666,349.3290663962864,350.9302436617701,350.7516105941302,351.4672362401772
332,34.0,75.0,351.7082974447316,350.54529267749837,350.4561492736578,351.2600758275719,350.54529267749837,352.2476756445893,351.97777990613923,352.698422854218
333,36.0,75.0,352.8621037302565,350.70698073894994,352.50107908493595,352.4109383240902,351.6914684913153,353.31442580397055,353.133357889848,353.9496283930205
334,38.0,75.0,354.1372221508417,352.9581252401076,354.50160771704185,353.59204618345086,352.9581252401076,353.2295271049596,353.32008716831183,355.04959422903516
335,40.0,75.0,355.2726979779263,352.997678700072,353.99508741511346,356.74416347133916,354.0860404990927,355.8230728267359,355.6394251705618,357.3917694539442
336,0.0,80.0,329.01117593518256,331.7036479879654,331.62382878885865,332.6644841060301,331.78350562000634,331.8634017127463,331.62382878885865,332.2634600605758
337,2.0,80.0,331.3547223683222,330.7979657050272,332.79502543127523,332.39368678113266,331.7535545023697,331.9133563138801,333.0362941594043,333.68139102011156
338,4.0,80.0,331.4692883557319,334.2023098608627,333.95934934722686,333.4744865551556,332.8301886792452,334.36448002911465,334.0402969247084,334.7705948440774
339,6.0,80.0,333.4644002177727,335.41222999695765,335.08601300832777,334.597875569044,333.9492336584479,335.4122299969577,335.1675077521737,335.90274815672416
340,8.0,80.0,336.2459398874605,334.2884431709647,335.6726392546698,335.91809996800777,335.26433426082195,336.65664076217223,336.4922400769124,337.2333103922918
341,10.0,80.0,337.7291733676423,337.8119590029568,337.56372376418,336.9859245334922,336.3279998779762,337.894785233768,337.56372376418,337.89478523376806
342,12.0,80.0,338.5484638651334,336.5641456155079,337.96729151020037,338.21612086816475,337.47072957957727,338.9648122242548,338.7981500545457,340.4721831910196
343,14.0,80.0,337.28489483747603,340.19902800277714,340.11506840863166,341.8869679820141,340.2830290590903,340.36707160829224,340.1990280027771,340.7879078249849
344,16.0,80.0,341.20978598950836,341.4634146341463,341.294286996765,340.4511556811339,341.4634146341463,341.54804132653845,341.4634146341464,341.5480413265385
345,18.0,80.0,342.2478153569156,340.1360544217688,341.82336800657293,341.8233680065729,341.1464376885588,342.5881329335177,342.50299010546917,343.1853200728393
346,20.0,80.0,341.860465116279,343.8221168839268,343.7363596682671,342.966465501151,342.2850046569387,343.9079169006176,343.6506452216196,343.9079169006176
347,22.0,80.0,344.72515790131956,342.6679927892087,344.5527845490343,344.2945474985947,343.69349710081684,343.7792329279701,345.15684678479755,345.1568467847975
348,24.0,80.0,344.2569202666625,346.3332652708624,346.15928036546876,345.37850664912355,344.7736689860057,345.03262553397906,346.42032332563514,346.4203233256351
349,26.0,80.0,346.976348959071,344.80601729503195,345.670883694681,346.5400996401013,345.8443778722336,347.5013001749326,347.2386261633676,347.9399744370631
350,28.0,80.0,349.73908354085046,348.58904434432054,348.50089298414747,349.56166077458425,347.0091119399461,348.67724031056775,349.1188904194177,349.6503496503496
351,30.0,80.0,349.5228735377104,347.32066912390127,348.9034463115922,349.08020137415696,348.2862107092086,349.8778204436546,349.7002569226378,350.3225191446093
352,32.0,80.0,348.01685632664663,351.0308047440898,350.9414142700259,350.13894402540694,349.42871178866295,351.12024076816505,350.8520693111843,351.5681053588227
353,34.0,80.0,351.9328374884285,349.7002569226377,351.3048465729854,351.4840437402364,350.7683497184308,352.38277878991266,352.2026642813788,352.92422932872375
354,36.0,80.0,352.9468258795659,350.790671036304,353.1277025079273,353.39936532358877,351.77562936728253,350.87998472359243,353.30876462105437,353.94394683617446
355,38.0,80.0,352.61945883707546,351.9890173041312,354.2510121457489,353.7962903536358,353.07115864984297,354.79822359528856,354.52440671425813,355.2555261970742
356,40.0,80.0,355.1696921862668,355.44450713307003,355.2612499395814,357.00986027233125,353.983721564913,354.07466880770767,355.5362066463503,355.8115892917655
357,0.0,85.0,329.23715527152734,332.01331064701185,331.93334236553306,331.2153575773962,330.5797514280145,332.0133106470119,331.85341259688465,330.1046454182074
358,2.0,85.0,332.7548479589527,332.99605841400245,332.2734738777293,333.15705975674246,331.71362808960026,333.1570597567424,332.9960584140024,333.0765396293107
359,4.0,85.0,331.3547223683222,334.1668561036599,334.0048775315448,333.3585305011716,332.71468018650125,334.1668561036598,334.0048775315448,334.6537358284387
360,6.0,85.0,332.74982645700663,335.5857912519405,335.50409299777857,334.7705948440774,334.1212837530685,335.66752930430806,335.4224345127628,336.07681755829896
361,8.0,85.0,336.1690450054885,334.2124408875955,335.02491795308134,335.8413549409041,336.6617808721144,336.7440439828956,336.4973751678672,337.15596330275224
362,10.0,85.0,334.87736350520163,337.74986597227536,337.6671107640005,338.66285766944657,336.2664511308007,337.83266175366555,337.6671107640005,338.3302901508293
363,12.0,85.0,336.3690448949705,339.1838053192634,339.1003460207612,339.3508472228635,339.2673057098457,339.3508472228635,339.7691726890303,339.76917268903037
364,14.0,85.0,340.0940849849619,338.00873764083696,339.84248570503837,339.6749595625048,339.00650339006506,340.5984028174671,340.34605707935236,341.4422645132318
365,16.0,85.0,341.1464376885589,340.05212590410684,345.68172198096795,342.58813293351767,340.1360544217687,340.22002437857765,341.56920455425603,342.41788958770087
366,18.0,85.0,342.2850046569388,340.1727861771058,342.20001241541996,341.77568355136714,341.0989418971598,342.71059993783024,342.4551158600982,343.1372549019608
367,20.0,85.0,343.52750556966356,342.41788958770087,343.0144828337197,347.33708236850805,342.41788958770087,341.56920455425603,344.4720438674603,344.47204386746023
368,22.0,85.0,344.7467166979363,342.6041019266626,344.66049768663254,346.48020113136397,343.62922328886674,345.26493799323566,345.6979806848112,345.6979806848113
369,24.0,85.0,344.3268059589619,343.81139489194504,346.0560595122257,346.31694675671434,344.7574971074768,346.3169467567143,346.14297824244136,346.83990310504294
370,26.0,85.0,347.1347607052897,347.3097278225806,347.2222222222222,346.69811320754724,346.00175746924424,347.48487140695914,347.3972775397026,347.4848714069592
371,28.0,85.0,345.62753734501626,348.60006640001257,348.3357292933761,347.8082559111629,347.1074380165289,348.7765141329621,348.5119094659311,349.2184159262602
372,30.0,85.0,349.3567399708474,347.1566219535235,348.1212503946953,348.91448825875057,348.20920977828314,348.3852619604373,349.6226295427158,350.42273218485786
373,32.0,85.0,349.01389724271104,351.14819887250366,350.79067103630405,350.2557422880198,349.5450366190037,351.1481988725037,350.87998472359254,351.68585919806054
374,34.0,85.0,351.83737294761534,349.60599958776623,350.58430717863104,351.38882248888456,350.67351580018766,352.3771474230923,352.10705331906803,352.37714742309237
375,36.0,85.0,351.42242409753766,353.4956794972506,353.22386864237075,352.6814990163305,353.58637610044735,353.67711925575423,353.49567949725053,354.13153456998305
376,38.0,85.0,352.52925753021685,354.6156320360245,354.52440671425825,353.70548604427336,352.98072613177953,354.52440671425813,356.081648472321,357.93130316213234
377,40.0,85.0,355.4559669853143,353.1786074672049,355.08961785593516,354.9981485357332,354.17704033281393,355.823072826736,355.6394251705618,356.5595640432722
378,0.0,90.0,329.1929175002239,331.96832374815574,331.88837713356816,332.8502853002445,330.5351521511018,332.04830888775115,331.80846901616155,332.52903031217005
379,2.0,90.0,334.16685610365994,329.29615746479294,333.0362941594043,334.0048775315449,331.6737112859313,333.1973344213246,332.9558323895809,334.5724907063197
380,4.0,90.0,334.05547896435223,334.2985794205492,333.5703372010348,334.4608430536805,334.37969155179474,334.46084305368055,334.2985794205491,334.4608430536805
381,6.0,90.0,333.7470484954895,333.26280152348704,335.2898242199379,334.88244942591575,334.15166393889797,335.69819134035686,335.4530517860403,336.18954686832956
382,8.0,90.0,335.28472591804154,334.22763857941885,335.85670114084655,337.58439609902484,336.67720214374054,336.7594727919727,336.5949716832801,336.75947279197277
383,10.0,90.0,337.55338854614763,335.4989881776546,337.55338854614763,337.1404981422871,336.48197036517064,336.3998352327337,337.8016085790885,338.05019393809306
384,12.0,90.0,336.2972226882426,339.19424062024086,339.1107761868877,338.3614406064419,337.69813921433484,339.2777461494668,339.0273528190778,339.27774614946685
385,14.0,90.0,338.8762525358087,337.7964336050003,338.62645125621964,339.4605579161278,340.29878387554794,340.2987838755479,340.1308076756957,340.80370942812976
386,16.0,90.0,338.6420530462428,341.4951447288947,341.4105442440195,340.65102195306577,339.9787224200934,341.57978715164285,341.32598566585654,343.0251551780464
387,18.0,90.0,340.57735971456367,340.07310415027996,341.75979168926983,343.54891482168176,342.60942525520903,342.69462101549504,342.5242718446602,343.1212361701134
388,20.0,90.0,343.55426755165,341.4264036418817,343.55426755165,343.0411649397928,342.44447895635966,342.6147487491843,343.9830270506381,344.0689074056737
389,22.0,90.0,344.5366333848967,342.48171101067044,344.3644484702722,344.10649354702787,343.4204993225038,345.05422280644103,344.7952338509171,346.5292074617717
390,24.0,90.0,346.14297824244136,343.98302705063804,345.53546243770955,345.7088206704085,345.01642935377873,346.57822765709966,347.9784111353091,347.18941898913545
391,26.0,90.0,347.1019739948997,344.9300753996808,346.49109022910835,346.66540892368647,345.88235294117646,347.53964000882644,347.27690805430433,348.15422995547414
392,28.0,90.0,348.2697076429801,349.063622979626,348.6221126025708,347.74243403933195,347.04188110864527,347.30425743042105,347.47939549616274,350.1278244438445
393,30.0,90.0,349.37334622027157,347.173019696755,348.137739394035,348.931052489991,348.2257071113848,349.90558103368926,349.63926107983826,350.4394399326139
394,32.0,90.0,347.93997443706314,351.0419817553691,350.9525855894571,352.02835384836436,349.43978700812977,351.1314234756437,350.8632349431139,348.99732514521764
395,34.0,90.0,351.8486013818635,349.70580305457315,351.938454662985,351.4896465974846,350.6846700701369,352.29832718209263,352.11829897318785,353.02028465762635
396,36.0,90.0,353.184264479754,350.93582887700535,353.2748013329916,352.7322754031225,352.01149425287355,353.5466906105695,355.0953362535429,355.18685567010306
397,38.0,90.0,354.24532090931,352.0733206661451,352.9750756375162,353.88146174709914,353.155981229079,353.2465035805258,354.51870669003324,355.34140170499404
398,40.0,90.0,355.39867511242204,353.12204730714416,355.39867511242204,354.941004136954,354.2111773304846,354.393352512898,355.6738446648923,357.51925415484396
399,0.0,95.0,329.22240802675583,331.9183526011561,331.8384300505659,332.80004829751266,330.56488366514753,329.694976076555,332.3986975397974,333.3635703918723
400,2.0,95.0,330.57479535846,333.2930257867529,333.2124399310907,332.4889170360987,331.8484182644553,333.3736506304617,333.13189303520164,334.2631052360306
401,4.0,95.0,332.58420187333144,334.440551485644,333.8733855215542,334.92822966507174,333.066477349969,332.1833712469305,335.0911052687567,334.5217325343245
402,6.0,95.0,333.8127318143971,335.6828596221475,335.2745297793727,335.5194083902676,334.2985794205492,334.3796915517948,335.7646449726668,336.50251041555384
403,8.0,95.0,336.5744203440538,334.6131083357361,336.7389013607001,336.9859245334922,335.59089871394866,337.0683461485546,336.821202169098,337.4810597364434
404,10.0,95.0,337.7550395196373,337.75503951963736,337.7550395196373,337.3416559574078,336.60010991024,336.84692942254816,339.50237112767144,338.75130584403615
405,12.0,95.0,336.35878270154836,339.17337066034975,339.17337066034975,338.3406729987264,337.677452947212,339.25686591276246,339.006503390065,339.6749595625048
406,14.0,95.0,340.0416377515615,337.9569315656372,339.4553319888541,339.62264150943395,338.95439103500223,340.3775798459424,340.2095258667242,340.6299723479523
407,16.0,95.0,339.55988111554274,341.4951447288947,341.2414689632759,340.65102195306577,339.9787224200934,341.57978715164285,341.32598566585654,342.0036294262714
408,18.0,95.0,342.49767008387704,343.2654586213339,342.8384849804093,344.63894967177237,341.39468631944015,342.8384849804092,341.7333085363586,343.2654586213339
409,20.0,95.0,343.64528948803866,341.60095431377715,343.38841044648285,343.2173710016344,342.53491370605684,344.07427635172036,343.9025531450318,344.59047648814646
410,22.0,95.0,342.2637526387681,345.1784596117721,345.09202453987734,346.1321110134371,345.2649379932356,345.35145971682743,345.6979806848112,345.78471960858104
411,24.0,95.0,346.0940810848991,343.9347381884544,345.4867367563417,345.66004608800614,344.9678499350741,346.4420946784608,346.35502568210734,346.70356452145467
412,26.0,95.0,346.9217577369059,347.6218252904731,347.4465436553582,346.74718120488745,345.79014223658004,344.92467971279734,347.35896910789387,348.14873292808085
413,28.0,95.0,348.43480871640105,346.24625096179517,347.2058198308848,347.99488660574787,347.2933171630625,348.78754804726424,348.69929627579666,352.08456416561546
414,30.0,95.0,351.1593833609377,349.02494618209454,349.9111336803352,349.37888198757764,348.58353357784245,347.7040494512426,350.0,352.2364217252396
415,32.0,95.0,349.1244181259697,348.50640113798005,350.81299519521434,350.27799841143764,349.56720251117656,351.17056856187287,350.9916908089523,350.10002857959415
416,34.0,95.0,351.84298707515563,349.6115427302996,351.39442231075697,351.394422310757,350.6790928464646,352.2926985141397,352.1126760563381,350.2334889926618
417,36.0,95.0,353.2351857488426,353.4163581285762,353.32574871408656,354.50730719143394,352.06207788475353,353.5977164483074,353.5070140280562,353.59771644830744
418,38.0,95.0,354.31362781803875,352.0508358213721,353.04289351073544,353.85874536613545,353.13335788984807,353.31442580397055,354.58711908016403,355.4101320094776
419,40.0,95.0,354.06329784671703,356.1679238882876,355.70827082224264,355.2498026389985,354.60992907801415,354.7011984235502,356.25999709175517,357.09080308992856
420,0.0,100.0,333.02120461547764,331.9783197831979,331.89836835450666,332.8603345208622,330.5450620615219,332.0583097403771,331.81845542647324,332.4588384295277
421,2.0,100.0,334.3949044585988,335.69819134035686,333.18223028105166,334.2327047838477,331.8983683545066,333.42406096897116,333.18223028105166,333.82789317507417
422,4.0,100.0,331.519124368535,334.33406113537114,334.2529711375212,335.2286548285089,334.4151904877457,334.496359223301,334.3340611353712,335.31021897810217
423,6.0,100.0,335.49388351287206,333.5451080050826,335.1675077521737,336.39470311832554,334.51665756417265,334.59787556904405,335.9027481567242,337.3829487728748
424,8.0,100.0,338.9491806806653,336.8778073150609,336.7954788452726,337.7860841324795,335.40202610203517,336.87780731506086,336.7131906056256,337.3726246213164
425,10.0,100.0,336.0563294418874,335.5653629584539,337.20752408625174,339.6174105905185,338.0346466349839,338.11758211426996,337.9517518315299,338.53287069733165
426,12.0,100.0,337.9103196738897,336.8366380495554,338.9908680011069,338.49129593810443,337.82748582809865,339.24120742176683,339.0742734122713,339.2412074217668
427,14.0,100.0,338.7617145490859,338.1798104352627,340.351310468311,339.847723559693,339.1785879095524,340.6878650227125,340.5195045865893,339.6801922543672
428,16.0,100.0,341.389400671941,339.3717390300587,341.2203463270454,340.96707850747646,340.2935321079679,340.4616691114027,341.8127703111194,342.3222020399609
429,18.0,100.0,341.0831129054713,343.0358281864995,342.69462101549516,342.18408106891786,341.5057227376214,343.03582818649943,342.86513971171337,343.54891482168176
430,20.0,100.0,343.7149270482604,343.97229502059156,343.8864628820961,344.1440879011113,342.6041019266625,341.75449473031614,343.9722950205916,344.5743217902238
431,22.0,100.0,346.33326527086246,345.37850664912366,345.11903084941537,346.15928036546893,345.20547945205476,345.29197137443424,345.2054794520548,345.2919713744343
432,24.0,100.0,346.0886489201406,343.92937359620663,345.39473684210526,345.6546275395034,344.96245306633284,346.5237616293689,346.2625628140704,348.09926749179084
433,26.0,100.0,348.0443223790131,347.78082710324594,347.4301200642865,347.6930839824655,346.2081959491286,347.69308398246557,347.6053851246965,348.22020782666374
434,28.0,100.0,348.4898771988052,346.30062978028366,347.17301969675503,348.04981610973437,347.3480253934248,349.01942162495845,349.46193955338606,349.461939553386
435,30.0,100.0,349.7668221185877,347.5615522839759,349.8556151429569,349.32353220747126,348.61660079051387,350.3002573634544,350.0333365082389,350.7460312410523
436,32.0,100.0,350.99727798029323,351.17616142954984,351.08669691903515,352.2533028739396,351.2656715466841,349.8389630170238,351.265671546684,351.8036919444134
437,34.0,100.0,349.46747812856603,352.5067144136079,352.41657077100115,353.50134667179685,350.9805169998727,352.68714011516323,352.3264732199923,353.1390134529147
438,36.0,100.0,353.1729506358715,353.444683101978,352.6307372461219,353.6260705006896,353.53535353535347,351.1034680424191,354.1713514729031,354.08035456209655
439,38.0,100.0,351.5625,354.7297297297296,354.6384457025218,356.56532988357054,354.8210607621009,354.91243883595155,354.7297297297297,355.3700361010831
440,40.0,100.0,355.77714313374315,356.0528992878942,355.2269102508337,354.95243154488816,356.144913023113,356.23697432831955,356.05289928789415,356.69799569697653
